{
  "criteria":{
	  "whether:repeating_command_block": {
		  "trigger": "minecraft:inventory_changed",
		  "conditions": {"items": [{"item": "minecraft:repeating_command_block"}]}
		},
		"whether:barrier": {
		  "trigger": "minecraft:inventory_changed",
		  "conditions": {"items": [{"item": "minecraft:barrier"}]}
		},
		"whether:command_block_minecart": {
		  "trigger": "minecraft:inventory_changed",
		  "conditions": {"items": [{"item": "minecraft:command_block_minecart"}]}
		},
		"whether:custom_compass": {
		  "trigger": "minecraft:inventory_changed",
		  "conditions": {"items": [{"item": "minecraft:compass",
			"nbt": "{CustomModelData:1,LodestonePos:{}}"}]}
		},
		"whether:debug_stick": {
		  "trigger": "minecraft:inventory_changed",
		  "conditions": {"items": [{"item": "minecraft:debug_stick"}]}
		},
		"whether:jigsaw": {
		  "trigger": "minecraft:inventory_changed",
		  "conditions": {"items": [{"item": "minecraft:jigsaw"}]}
		},
		"whether:knowledge_book": {
		  "trigger": "minecraft:inventory_changed",
		  "conditions": {"items": [{"item": "minecraft:knowledge_book"}]}
		},
		"whether:ghast_spawn_egg": {
		  "trigger": "minecraft:inventory_changed",
		  "conditions": {"items": [{"item": "minecraft:ghast_spawn_egg"}]}
		},
		"whether:panda_spawn_egg": {
		  "trigger": "minecraft:inventory_changed",
		  "conditions": {"items": [{"item": "minecraft:panda_spawn_egg"}]}
		}
	},
	"requirements":[
		[
			"whether:repeating_command_block",
			"whether:barrier",
			"whether:command_block_minecart",
			"whether:custom_compass",
			"whether:debug_stick",
			"whether:jigsaw",
			"whether:knowledge_book",
			"whether:ghast_spawn_egg",
			"whether:panda_spawn_egg"
		]
	],
    "rewards": {
        "function": "whether:entity/player/recipe/tag"
    }
}