{
  "criteria": {
	"whether:offhand": {
      "trigger": "minecraft:player_interacted_with_entity",
      "conditions": {
		"entity": {
          "type": "minecraft:villager",
		  "nbt":"{Tags:[\"whether_soul\"]}"
        },
		"player":[
        {
          "condition": "minecraft:alternative",
          "terms": [
            {
              "condition": "minecraft:entity_properties",
              "entity": "this",
              "predicate": {
                "equipment": {
                  "offhand": {
                    "item": "potion",
					"nbt":"{CustomPotionEffects:[{Id:3b}]}"
                  }
                }
              }
            },{
              "condition": "minecraft:entity_properties",
              "entity": "this",
              "predicate": {
                "equipment": {
                  "mainhand": {
                    "item": "potion",
					"nbt":"{CustomPotionEffects:[{Id:3b}]}"
                  }
                }
              }
            },
            {
              "condition": "minecraft:entity_properties",
              "entity": "this",
              "predicate": {
                "equipment": {
                  "offhand": {
                    "item": "glass_bottle"
                  }
                }
              }
            },
			{
              "condition": "minecraft:entity_properties",
              "entity": "this",
              "predicate": {
                "equipment": {
                  "mainhand": {
                    "item": "glass_bottle"
                  }
                }
              }
            }
          ]
        }
      ]
    }
	}
  },
    "rewards": {
        "function": "whether:entity/player/whether_soul/use"
	}
}