{ "type": "minecraft:chest", "pools": [ { "rolls": 1, "entries": [ 
{ "type": "minecraft:item", "name": "minecraft:stick", "functions": [ { "function": "minecraft:set_nbt", "tag":"{struct:[{name:\"whether:spire/tower/room/lrg/all\",posX:-2,posZ:1,rotation:\"NONE\"},{name:\"whether:spire/tower/stairway/lrg/x\"}]}"} ], "weight":2 }, 
{ "type": "minecraft:item", "name": "minecraft:stick", "functions": [ { "function": "minecraft:set_nbt", "tag":"{struct:[{name:\"whether:spire/tower/room/lrg/one\",posX:10,posZ:13,rotation:\"CLOCKWISE_180\"},{name:\"whether:spire/tower/stairway/lrg/e\"}]}"} ] }, 
{ "type": "minecraft:item", "name": "minecraft:stick", "functions": [ { "function": "minecraft:set_nbt", "tag":"{struct:[{name:\"whether:spire/tower/room/lrg/one\",posX:-2,posZ:13,rotation:\"COUNTERCLOCKWISE_90\"},{name:\"whether:spire/tower/stairway/lrg/w\"}]}"} ] },
{ "type": "minecraft:item", "name": "minecraft:stick", "functions": [ { "function": "minecraft:set_nbt", "tag":"{struct:[{name:\"whether:spire/tower/room/med/all\",posX:-2,posZ:1,rotation:\"NONE\"},{name:\"whether:spire/tower/stairway/med/x\"}]}"} ], "weight":2 }, 
{ "type": "minecraft:item", "name": "minecraft:stick", "functions": [ { "function": "minecraft:set_nbt", "tag":"{struct:[{name:\"whether:spire/tower/room/med/one\",posX:10,posZ:13,rotation:\"CLOCKWISE_180\"},{name:\"whether:spire/tower/stairway/med/e\"}]}"} ] }, 
{ "type": "minecraft:item", "name": "minecraft:stick", "functions": [ { "function": "minecraft:set_nbt", "tag":"{struct:[{name:\"whether:spire/tower/room/med/one\",posX:-2,posZ:13,rotation:\"COUNTERCLOCKWISE_90\"},{name:\"whether:spire/tower/stairway/med/w\"}]}"} ] },
{ "type": "minecraft:item", "name": "minecraft:stick", "functions": [ { "function": "minecraft:set_nbt", "tag":"{struct:[{name:\"whether:spire/tower/room/lrg/all/a\",posX:-2,posZ:1,rotation:\"NONE\"},{name:\"whether:spire/tower/stairway/lrg/x\"}]}"} ], "weight":2 }, 
{ "type": "minecraft:item", "name": "minecraft:stick", "functions": [ { "function": "minecraft:set_nbt", "tag":"{struct:[{name:\"whether:spire/tower/room/lrg/all/b\",posX:-2,posZ:1,rotation:\"NONE\"},{name:\"whether:spire/tower/stairway/lrg/x\"}]}"} ], "weight":2 }, 
{ "type": "minecraft:item", "name": "minecraft:stick", "functions": [ { "function": "minecraft:set_nbt", "tag":"{struct:[{name:\"whether:spire/tower/room/lrg/all/c\",posX:-2,posZ:1,rotation:\"NONE\"},{name:\"whether:spire/tower/stairway/lrg/x\"}]}"} ], "weight":2 }, 
{ "type": "minecraft:item", "name": "minecraft:stick", "functions": [ { "function": "minecraft:set_nbt", "tag":"{struct:[{name:\"whether:spire/tower/room/lrg/one/a\",posX:10,posZ:13,rotation:\"CLOCKWISE_180\"},{name:\"whether:spire/tower/stairway/lrg/e\"}]}"} ] }, 
{ "type": "minecraft:item", "name": "minecraft:stick", "functions": [ { "function": "minecraft:set_nbt", "tag":"{struct:[{name:\"whether:spire/tower/room/lrg/one/a\",posX:-2,posZ:13,rotation:\"COUNTERCLOCKWISE_90\"},{name:\"whether:spire/tower/stairway/lrg/w\"}]}"} ] },
{ "type": "minecraft:item", "name": "minecraft:stick", "functions": [ { "function": "minecraft:set_nbt", "tag":"{struct:[{name:\"whether:spire/tower/room/med/all/a\",posX:-2,posZ:1,rotation:\"NONE\"},{name:\"whether:spire/tower/stairway/med/x\"}]}"} ], "weight":2 }, 
{ "type": "minecraft:item", "name": "minecraft:stick", "functions": [ { "function": "minecraft:set_nbt", "tag":"{struct:[{name:\"whether:spire/tower/room/med/all/b\",posX:-2,posZ:1,rotation:\"NONE\"},{name:\"whether:spire/tower/stairway/med/x\"}]}"} ], "weight":2 }, 
{ "type": "minecraft:item", "name": "minecraft:stick", "functions": [ { "function": "minecraft:set_nbt", "tag":"{struct:[{name:\"whether:spire/tower/room/med/all/c\",posX:-2,posZ:1,rotation:\"NONE\"},{name:\"whether:spire/tower/stairway/med/x\"}]}"} ], "weight":2 }, 
{ "type": "minecraft:item", "name": "minecraft:stick", "functions": [ { "function": "minecraft:set_nbt", "tag":"{struct:[{name:\"whether:spire/tower/room/med/one/a\",posX:10,posZ:13,rotation:\"CLOCKWISE_180\"},{name:\"whether:spire/tower/stairway/med/e\"}]}"} ] }, 
{ "type": "minecraft:item", "name": "minecraft:stick", "functions": [ { "function": "minecraft:set_nbt", "tag":"{struct:[{name:\"whether:spire/tower/room/med/one/a\",posX:-2,posZ:13,rotation:\"COUNTERCLOCKWISE_90\"},{name:\"whether:spire/tower/stairway/med/w\"}]}"} ] }
] } ] }