{ "type": "minecraft:chest", "pools": [ { "rolls": 1, "entries": [ 
{ "type": "minecraft:item", "name": "minecraft:stick", "functions": [ { "function": "minecraft:set_nbt", "tag":"{struct:[{name:\"whether:spire/tower/room/lrg/tri\",posX:-2,posZ:1,rotation:\"NONE\"},{name:\"whether:spire/tower/stairway/lrg/zz\"}]}"} ] }, 
{ "type": "minecraft:item", "name": "minecraft:stick", "functions": [ { "function": "minecraft:set_nbt", "tag":"{struct:[{name:\"whether:spire/tower/room/lrg/tri\",posX:10,posZ:1,rotation:\"CLOCKWISE_90\"},{name:\"whether:spire/tower/stairway/lrg/zz\"}]}"} ] }, 
{ "type": "minecraft:item", "name": "minecraft:stick", "functions": [ { "function": "minecraft:set_nbt", "tag":"{struct:[{name:\"whether:spire/tower/room/lrg/tri\",posX:10,posZ:13,rotation:\"CLOCKWISE_180\"},{name:\"whether:spire/tower/stairway/lrg/zz\"}]}"} ] }, 
{ "type": "minecraft:item", "name": "minecraft:stick", "functions": [ { "function": "minecraft:set_nbt", "tag":"{struct:[{name:\"whether:spire/tower/room/lrg/tri\",posX:-2,posZ:13,rotation:\"COUNTERCLOCKWISE_90\"},{name:\"whether:spire/tower/stairway/lrg/zz\"}]}"} ] }, 
{ "type": "minecraft:item", "name": "minecraft:stick", "functions": [ { "function": "minecraft:set_nbt", "tag":"{struct:[{name:\"whether:spire/tower/room/lrg/di\",posX:-2,posZ:1,rotation:\"NONE\"},{name:\"whether:spire/tower/stairway/lrg/zz\"}]}"} ] }, 
{ "type": "minecraft:item", "name": "minecraft:stick", "functions": [ { "function": "minecraft:set_nbt", "tag":"{struct:[{name:\"whether:spire/tower/room/lrg/di\",posX:10,posZ:1,rotation:\"CLOCKWISE_90\"},{name:\"whether:spire/tower/stairway/lrg/zz\"}]}"} ] }, 
{ "type": "minecraft:item", "name": "minecraft:stick", "functions": [ { "function": "minecraft:set_nbt", "tag":"{struct:[{name:\"whether:spire/tower/room/lrg/all\",posX:-2,posZ:1,rotation:\"NONE\"},{name:\"whether:spire/tower/stairway/lrg/z\"}]}"} ], "weight":2 },
{ "type": "minecraft:item", "name": "minecraft:stick", "functions": [ { "function": "minecraft:set_nbt", "tag":"{struct:[{name:\"whether:spire/tower/room/med/tri\",posX:-2,posZ:1,rotation:\"NONE\"},{name:\"whether:spire/tower/stairway/med/zz\"}]}"} ] }, 
{ "type": "minecraft:item", "name": "minecraft:stick", "functions": [ { "function": "minecraft:set_nbt", "tag":"{struct:[{name:\"whether:spire/tower/room/med/tri\",posX:10,posZ:1,rotation:\"CLOCKWISE_90\"},{name:\"whether:spire/tower/stairway/med/zz\"}]}"} ] }, 
{ "type": "minecraft:item", "name": "minecraft:stick", "functions": [ { "function": "minecraft:set_nbt", "tag":"{struct:[{name:\"whether:spire/tower/room/med/tri\",posX:10,posZ:13,rotation:\"CLOCKWISE_180\"},{name:\"whether:spire/tower/stairway/med/zz\"}]}"} ] }, 
{ "type": "minecraft:item", "name": "minecraft:stick", "functions": [ { "function": "minecraft:set_nbt", "tag":"{struct:[{name:\"whether:spire/tower/room/med/tri\",posX:-2,posZ:13,rotation:\"COUNTERCLOCKWISE_90\"},{name:\"whether:spire/tower/stairway/med/zz\"}]}"} ] }, 
{ "type": "minecraft:item", "name": "minecraft:stick", "functions": [ { "function": "minecraft:set_nbt", "tag":"{struct:[{name:\"whether:spire/tower/room/med/di\",posX:-2,posZ:1,rotation:\"NONE\"},{name:\"whether:spire/tower/stairway/med/zz\"}]}"} ] }, 
{ "type": "minecraft:item", "name": "minecraft:stick", "functions": [ { "function": "minecraft:set_nbt", "tag":"{struct:[{name:\"whether:spire/tower/room/med/di\",posX:10,posZ:1,rotation:\"CLOCKWISE_90\"},{name:\"whether:spire/tower/stairway/med/zz\"}]}"} ] }, 
{ "type": "minecraft:item", "name": "minecraft:stick", "functions": [ { "function": "minecraft:set_nbt", "tag":"{struct:[{name:\"whether:spire/tower/room/med/all\",posX:-2,posZ:1,rotation:\"NONE\"},{name:\"whether:spire/tower/stairway/med/z\"}]}"} ], "weight":2 },


{ "type": "minecraft:item", "name": "minecraft:stick", "functions": [ { "function": "minecraft:set_nbt", "tag":"{struct:[{name:\"whether:spire/tower/room/lrg/tri/a\",posX:-2,posZ:1,rotation:\"NONE\"},{name:\"whether:spire/tower/stairway/lrg/zz\"}]}"} ] }, 
{ "type": "minecraft:item", "name": "minecraft:stick", "functions": [ { "function": "minecraft:set_nbt", "tag":"{struct:[{name:\"whether:spire/tower/room/lrg/tri/a\",posX:10,posZ:1,rotation:\"CLOCKWISE_90\"},{name:\"whether:spire/tower/stairway/lrg/zz\"}]}"} ] }, 
{ "type": "minecraft:item", "name": "minecraft:stick", "functions": [ { "function": "minecraft:set_nbt", "tag":"{struct:[{name:\"whether:spire/tower/room/lrg/tri/a\",posX:10,posZ:13,rotation:\"CLOCKWISE_180\"},{name:\"whether:spire/tower/stairway/lrg/zz\"}]}"} ] }, 
{ "type": "minecraft:item", "name": "minecraft:stick", "functions": [ { "function": "minecraft:set_nbt", "tag":"{struct:[{name:\"whether:spire/tower/room/lrg/tri/a\",posX:-2,posZ:13,rotation:\"COUNTERCLOCKWISE_90\"},{name:\"whether:spire/tower/stairway/lrg/zz\"}]}"} ] }, 
{ "type": "minecraft:item", "name": "minecraft:stick", "functions": [ { "function": "minecraft:set_nbt", "tag":"{struct:[{name:\"whether:spire/tower/room/lrg/di/a\",posX:-2,posZ:1,rotation:\"NONE\"},{name:\"whether:spire/tower/stairway/lrg/zz\"}]}"} ] }, 
{ "type": "minecraft:item", "name": "minecraft:stick", "functions": [ { "function": "minecraft:set_nbt", "tag":"{struct:[{name:\"whether:spire/tower/room/lrg/di/a\",posX:10,posZ:1,rotation:\"CLOCKWISE_90\"},{name:\"whether:spire/tower/stairway/lrg/zz\"}]}"} ] }, 
{ "type": "minecraft:item", "name": "minecraft:stick", "functions": [ { "function": "minecraft:set_nbt", "tag":"{struct:[{name:\"whether:spire/tower/room/lrg/all/a\",posX:-2,posZ:1,rotation:\"NONE\"},{name:\"whether:spire/tower/stairway/lrg/z\"}]}"} ], "weight":2 },
{ "type": "minecraft:item", "name": "minecraft:stick", "functions": [ { "function": "minecraft:set_nbt", "tag":"{struct:[{name:\"whether:spire/tower/room/lrg/all/b\",posX:-2,posZ:1,rotation:\"NONE\"},{name:\"whether:spire/tower/stairway/lrg/z\"}]}"} ], "weight":2 },
{ "type": "minecraft:item", "name": "minecraft:stick", "functions": [ { "function": "minecraft:set_nbt", "tag":"{struct:[{name:\"whether:spire/tower/room/lrg/all/c\",posX:-2,posZ:1,rotation:\"NONE\"},{name:\"whether:spire/tower/stairway/lrg/z\"}]}"} ], "weight":2 },
{ "type": "minecraft:item", "name": "minecraft:stick", "functions": [ { "function": "minecraft:set_nbt", "tag":"{struct:[{name:\"whether:spire/tower/room/med/tri/a\",posX:-2,posZ:1,rotation:\"NONE\"},{name:\"whether:spire/tower/stairway/med/zz\"}]}"} ] }, 
{ "type": "minecraft:item", "name": "minecraft:stick", "functions": [ { "function": "minecraft:set_nbt", "tag":"{struct:[{name:\"whether:spire/tower/room/med/tri/a\",posX:10,posZ:1,rotation:\"CLOCKWISE_90\"},{name:\"whether:spire/tower/stairway/med/zz\"}]}"} ] }, 
{ "type": "minecraft:item", "name": "minecraft:stick", "functions": [ { "function": "minecraft:set_nbt", "tag":"{struct:[{name:\"whether:spire/tower/room/med/tri/a\",posX:10,posZ:13,rotation:\"CLOCKWISE_180\"},{name:\"whether:spire/tower/stairway/med/zz\"}]}"} ] }, 
{ "type": "minecraft:item", "name": "minecraft:stick", "functions": [ { "function": "minecraft:set_nbt", "tag":"{struct:[{name:\"whether:spire/tower/room/med/tri/a\",posX:-2,posZ:13,rotation:\"COUNTERCLOCKWISE_90\"},{name:\"whether:spire/tower/stairway/med/zz\"}]}"} ] }, 
{ "type": "minecraft:item", "name": "minecraft:stick", "functions": [ { "function": "minecraft:set_nbt", "tag":"{struct:[{name:\"whether:spire/tower/room/med/di/a\",posX:-2,posZ:1,rotation:\"NONE\"},{name:\"whether:spire/tower/stairway/med/zz\"}]}"} ] }, 
{ "type": "minecraft:item", "name": "minecraft:stick", "functions": [ { "function": "minecraft:set_nbt", "tag":"{struct:[{name:\"whether:spire/tower/room/med/di/a\",posX:10,posZ:1,rotation:\"CLOCKWISE_90\"},{name:\"whether:spire/tower/stairway/med/zz\"}]}"} ] }, 
{ "type": "minecraft:item", "name": "minecraft:stick", "functions": [ { "function": "minecraft:set_nbt", "tag":"{struct:[{name:\"whether:spire/tower/room/med/all/a\",posX:-2,posZ:1,rotation:\"NONE\"},{name:\"whether:spire/tower/stairway/med/z\"}]}"} ], "weight":2 },
{ "type": "minecraft:item", "name": "minecraft:stick", "functions": [ { "function": "minecraft:set_nbt", "tag":"{struct:[{name:\"whether:spire/tower/room/med/all/b\",posX:-2,posZ:1,rotation:\"NONE\"},{name:\"whether:spire/tower/stairway/med/z\"}]}"} ], "weight":2 },
{ "type": "minecraft:item", "name": "minecraft:stick", "functions": [ { "function": "minecraft:set_nbt", "tag":"{struct:[{name:\"whether:spire/tower/room/med/all/c\",posX:-2,posZ:1,rotation:\"NONE\"},{name:\"whether:spire/tower/stairway/med/z\"}]}"} ], "weight":2 }


] } ] }