{ "type": "minecraft:chest", "pools": [ { "rolls": 1, "entries": [
{ "type": "minecraft:item", "name": "minecraft:stick", "functions": [ { "function": "minecraft:set_nbt", "tag":"{struct:[{name:\"whether:spire/tower/room/sml/all\",posX:-2,posZ:1,rotation:\"NONE\"},{name:\"whether:spire/tower/stairway/sml/z\"}]}"} ],"weight":2  }, 
{ "type": "minecraft:item", "name": "minecraft:stick", "functions": [ { "function": "minecraft:set_nbt", "tag":"{struct:[{name:\"whether:spire/tower/room/sml/one\",posX:-2,posZ:1,rotation:\"NONE\"},{name:\"whether:spire/tower/stairway/sml/n\"}]}"} ] }, 
{ "type": "minecraft:item", "name": "minecraft:stick", "functions": [ { "function": "minecraft:set_nbt", "tag":"{struct:[{name:\"whether:spire/tower/room/sml/one\",posX:-2,posZ:13,rotation:\"COUNTERCLOCKWISE_90\"},{name:\"whether:spire/tower/stairway/sml/s\"}]}"} ] }, 
{ "type": "minecraft:item", "name": "minecraft:stick", "functions": [ { "function": "minecraft:set_nbt", "tag":"{struct:[{name:\"whether:spire/tower/room/roof/b\",posX:-2,posZ:1,rotation:\"NONE\"},{name:\"\"}]}"} ] },

{ "type": "minecraft:item", "name": "minecraft:stick", "functions": [ { "function": "minecraft:set_nbt", "tag":"{struct:[{name:\"whether:spire/tower/room/sml/all/a\",posX:-2,posZ:1,rotation:\"NONE\"},{name:\"whether:spire/tower/stairway/sml/z\"}]}"} ],"weight":2  }, 
{ "type": "minecraft:item", "name": "minecraft:stick", "functions": [ { "function": "minecraft:set_nbt", "tag":"{struct:[{name:\"whether:spire/tower/room/sml/all/b\",posX:-2,posZ:1,rotation:\"NONE\"},{name:\"whether:spire/tower/stairway/sml/z\"}]}"} ],"weight":2  }, 
{ "type": "minecraft:item", "name": "minecraft:stick", "functions": [ { "function": "minecraft:set_nbt", "tag":"{struct:[{name:\"whether:spire/tower/room/sml/all/c\",posX:-2,posZ:1,rotation:\"NONE\"},{name:\"whether:spire/tower/stairway/sml/z\"}]}"} ],"weight":2  }, 
{ "type": "minecraft:item", "name": "minecraft:stick", "functions": [ { "function": "minecraft:set_nbt", "tag":"{struct:[{name:\"whether:spire/tower/room/sml/one/a\",posX:-2,posZ:1,rotation:\"NONE\"},{name:\"whether:spire/tower/stairway/sml/n\"}]}"} ] }, 
{ "type": "minecraft:item", "name": "minecraft:stick", "functions": [ { "function": "minecraft:set_nbt", "tag":"{struct:[{name:\"whether:spire/tower/room/sml/one/a\",posX:-2,posZ:13,rotation:\"COUNTERCLOCKWISE_90\"},{name:\"whether:spire/tower/stairway/sml/s\"}]}"} ] }
] } ] }