{ "type": "minecraft:chest", "pools": [ { "rolls": 1, "entries": [ 
{ "type": "minecraft:item", "name": "minecraft:stick", "functions": [ { "function": "minecraft:set_nbt", "tag":"{struct:[{name:\"whether:spire/tower/room/sml/tri\",posX:-2,posZ:1,rotation:\"NONE\"},{name:\"whether:spire/tower/stairway/sml/zz\"}]}"} ] }, 
{ "type": "minecraft:item", "name": "minecraft:stick", "functions": [ { "function": "minecraft:set_nbt", "tag":"{struct:[{name:\"whether:spire/tower/room/sml/tri\",posX:10,posZ:1,rotation:\"CLOCKWISE_90\"},{name:\"whether:spire/tower/stairway/sml/zz\"}]}"} ] }, 
{ "type": "minecraft:item", "name": "minecraft:stick", "functions": [ { "function": "minecraft:set_nbt", "tag":"{struct:[{name:\"whether:spire/tower/room/sml/tri\",posX:10,posZ:13,rotation:\"CLOCKWISE_180\"},{name:\"whether:spire/tower/stairway/sml/zz\"}]}"} ] }, 
{ "type": "minecraft:item", "name": "minecraft:stick", "functions": [ { "function": "minecraft:set_nbt", "tag":"{struct:[{name:\"whether:spire/tower/room/sml/tri\",posX:-2,posZ:13,rotation:\"COUNTERCLOCKWISE_90\"},{name:\"whether:spire/tower/stairway/sml/zz\"}]}"} ] }, 
{ "type": "minecraft:item", "name": "minecraft:stick", "functions": [ { "function": "minecraft:set_nbt", "tag":"{struct:[{name:\"whether:spire/tower/room/sml/di\",posX:-2,posZ:1,rotation:\"NONE\"},{name:\"whether:spire/tower/stairway/sml/zz\"}]}"} ] }, 
{ "type": "minecraft:item", "name": "minecraft:stick", "functions": [ { "function": "minecraft:set_nbt", "tag":"{struct:[{name:\"whether:spire/tower/room/sml/di\",posX:10,posZ:1,rotation:\"CLOCKWISE_90\"},{name:\"whether:spire/tower/stairway/sml/zz\"}]}"} ] }, 
{ "type": "minecraft:item", "name": "minecraft:stick", "functions": [ { "function": "minecraft:set_nbt", "tag":"{struct:[{name:\"whether:spire/tower/room/sml/all\",posX:-2,posZ:1,rotation:\"NONE\"},{name:\"whether:spire/tower/stairway/sml/z\"}]}"} ],"weight":2 }, 
{ "type": "minecraft:item", "name": "minecraft:stick", "functions": [ { "function": "minecraft:set_nbt", "tag":"{struct:[{name:\"whether:spire/tower/room/roof/a\",posX:-2,posZ:1,rotation:\"NONE\"},{name:\"\"}]}"} ] },

{ "type": "minecraft:item", "name": "minecraft:stick", "functions": [ { "function": "minecraft:set_nbt", "tag":"{struct:[{name:\"whether:spire/tower/room/sml/tri/a\",posX:-2,posZ:1,rotation:\"NONE\"},{name:\"whether:spire/tower/stairway/sml/zz\"}]}"} ] }, 
{ "type": "minecraft:item", "name": "minecraft:stick", "functions": [ { "function": "minecraft:set_nbt", "tag":"{struct:[{name:\"whether:spire/tower/room/sml/tri/a\",posX:10,posZ:1,rotation:\"CLOCKWISE_90\"},{name:\"whether:spire/tower/stairway/sml/zz\"}]}"} ] }, 
{ "type": "minecraft:item", "name": "minecraft:stick", "functions": [ { "function": "minecraft:set_nbt", "tag":"{struct:[{name:\"whether:spire/tower/room/sml/tri/a\",posX:10,posZ:13,rotation:\"CLOCKWISE_180\"},{name:\"whether:spire/tower/stairway/sml/zz\"}]}"} ] }, 
{ "type": "minecraft:item", "name": "minecraft:stick", "functions": [ { "function": "minecraft:set_nbt", "tag":"{struct:[{name:\"whether:spire/tower/room/sml/tri/a\",posX:-2,posZ:13,rotation:\"COUNTERCLOCKWISE_90\"},{name:\"whether:spire/tower/stairway/sml/zz\"}]}"} ] }, 
{ "type": "minecraft:item", "name": "minecraft:stick", "functions": [ { "function": "minecraft:set_nbt", "tag":"{struct:[{name:\"whether:spire/tower/room/sml/di/a\",posX:-2,posZ:1,rotation:\"NONE\"},{name:\"whether:spire/tower/stairway/sml/zz\"}]}"} ] }, 
{ "type": "minecraft:item", "name": "minecraft:stick", "functions": [ { "function": "minecraft:set_nbt", "tag":"{struct:[{name:\"whether:spire/tower/room/sml/di/a\",posX:10,posZ:1,rotation:\"CLOCKWISE_90\"},{name:\"whether:spire/tower/stairway/sml/zz\"}]}"} ] }, 
{ "type": "minecraft:item", "name": "minecraft:stick", "functions": [ { "function": "minecraft:set_nbt", "tag":"{struct:[{name:\"whether:spire/tower/room/sml/all/a\",posX:-2,posZ:1,rotation:\"NONE\"},{name:\"whether:spire/tower/stairway/sml/z\"}]}"} ],"weight":2 },
{ "type": "minecraft:item", "name": "minecraft:stick", "functions": [ { "function": "minecraft:set_nbt", "tag":"{struct:[{name:\"whether:spire/tower/room/sml/all/b\",posX:-2,posZ:1,rotation:\"NONE\"},{name:\"whether:spire/tower/stairway/sml/z\"}]}"} ],"weight":2 },
{ "type": "minecraft:item", "name": "minecraft:stick", "functions": [ { "function": "minecraft:set_nbt", "tag":"{struct:[{name:\"whether:spire/tower/room/sml/all/c\",posX:-2,posZ:1,rotation:\"NONE\"},{name:\"whether:spire/tower/stairway/sml/z\"}]}"} ],"weight":2 }
] } ] }