{ "type": "minecraft:chest", "pools": [ { "rolls": 1, "entries": [ 
{ "type": "minecraft:item", "name": "minecraft:stick", "functions": [ { "function": "minecraft:set_nbt", "tag":"{struct:[{name:\"\"},{name:\"whether:spire/tower/stair/90/180\"},{name:\"whether:spire/tower/room/sml/s\"}]}"} ] }, 
{ "type": "minecraft:item", "name": "minecraft:stick", "functions": [ { "function": "minecraft:set_nbt", "tag":"{struct:[{name:\"\"},{name:\"whether:spire/tower/stair/90/180_mirror\"},{name:\"whether:spire/tower/room/sml/n\"}]}"} ] }
] } ] }