{ "type": "minecraft:chest", "pools": [ { "rolls": 1, "entries": [ 
{ "type": "minecraft:item", "name": "minecraft:stick", "functions": [ { "function": "minecraft:set_nbt", "tag":"{struct:[{name:\"whether:spire/tower/stair/90/0\"},{name:\"\"},{name:\"whether:spire/tower/room/sml/n\"}]}"} ] }, 
{ "type": "minecraft:item", "name": "minecraft:stick", "functions": [ { "function": "minecraft:set_nbt", "tag":"{struct:[{name:\"whether:spire/tower/stair/90/0_mirror\"},{name:\"\"},{name:\"whether:spire/tower/room/sml/s\"}]}"} ] }
] } ] }