{ "type": "minecraft:chest", "pools": [ { "rolls": 1, "entries": [  
{ "type": "minecraft:item", "name": "minecraft:stick", "functions": [ { "function": "minecraft:set_nbt", "tag":"{struct:[{name:\"whether:spire/tower/stair/90/0\"},{name:\"whether:spire/tower/stair/90/180\"},{name:\"whether:spire/tower/room/sml/z\"}]}"} ] }, 
{ "type": "minecraft:item", "name": "minecraft:stick", "functions": [ { "function": "minecraft:set_nbt", "tag":"{struct:[{name:\"whether:spire/tower/stair/90/0_mirror\"},{name:\"whether:spire/tower/stair/90/180_mirror\"},{name:\"whether:spire/tower/room/sml/z\"}]}"} ] }, 
{ "type": "minecraft:item", "name": "minecraft:stick", "functions": [ { "function": "minecraft:set_nbt", "tag":"{struct:[{name:\"whether:spire/tower/stair/180/0\"},{name:\"whether:spire/tower/stair/180/180\"},{name:\"whether:spire/tower/room/sml/x\"}]}"} ] }
] } ] }