{ "type": "minecraft:chest", "pools": [ { "rolls": 1, "entries": [ 
{ "type": "minecraft:item", "name": "minecraft:stick", "functions": [ { "function": "minecraft:set_nbt", "tag":"{struct:[{name:\"whether:spire/tower/room/sml/all\",posX:-2,posZ:1,rotation:\"NONE\"},{name:\"whether:spire/tower/stairway/sml/x\"}]}"} ],"weight":2 }, 
{ "type": "minecraft:item", "name": "minecraft:stick", "functions": [ { "function": "minecraft:set_nbt", "tag":"{struct:[{name:\"whether:spire/tower/room/sml/one\",posX:-2,posZ:1,rotation:\"NONE\"},{name:\"whether:spire/tower/stairway/sml/w\"}]}"} ] }, 
{ "type": "minecraft:item", "name": "minecraft:stick", "functions": [ { "function": "minecraft:set_nbt", "tag":"{struct:[{name:\"whether:spire/tower/room/sml/one\",posX:10,posZ:1,rotation:\"CLOCKWISE_90\"},{name:\"whether:spire/tower/stairway/sml/e\"}]}"} ] },

{ "type": "minecraft:item", "name": "minecraft:stick", "functions": [ { "function": "minecraft:set_nbt", "tag":"{struct:[{name:\"whether:spire/tower/room/med/all\",posX:-2,posZ:1,rotation:\"NONE\"},{name:\"whether:spire/tower/stairway/med/x\"}]}"} ],"weight":2 }, 
{ "type": "minecraft:item", "name": "minecraft:stick", "functions": [ { "function": "minecraft:set_nbt", "tag":"{struct:[{name:\"whether:spire/tower/room/med/one\",posX:-2,posZ:1,rotation:\"NONE\"},{name:\"whether:spire/tower/stairway/med/w\"}]}"} ] }, 
{ "type": "minecraft:item", "name": "minecraft:stick", "functions": [ { "function": "minecraft:set_nbt", "tag":"{struct:[{name:\"whether:spire/tower/room/med/one\",posX:10,posZ:1,rotation:\"CLOCKWISE_90\"},{name:\"whether:spire/tower/stairway/med/e\"}]}"} ] },

{ "type": "minecraft:item", "name": "minecraft:stick", "functions": [ { "function": "minecraft:set_nbt", "tag":"{struct:[{name:\"whether:spire/tower/room/sml/all/a\",posX:-2,posZ:1,rotation:\"NONE\"},{name:\"whether:spire/tower/stairway/sml/x\"}]}"} ],"weight":2 }, 
{ "type": "minecraft:item", "name": "minecraft:stick", "functions": [ { "function": "minecraft:set_nbt", "tag":"{struct:[{name:\"whether:spire/tower/room/sml/all/b\",posX:-2,posZ:1,rotation:\"NONE\"},{name:\"whether:spire/tower/stairway/sml/x\"}]}"} ],"weight":2 }, 
{ "type": "minecraft:item", "name": "minecraft:stick", "functions": [ { "function": "minecraft:set_nbt", "tag":"{struct:[{name:\"whether:spire/tower/room/sml/all/c\",posX:-2,posZ:1,rotation:\"NONE\"},{name:\"whether:spire/tower/stairway/sml/x\"}]}"} ],"weight":2 }, 
{ "type": "minecraft:item", "name": "minecraft:stick", "functions": [ { "function": "minecraft:set_nbt", "tag":"{struct:[{name:\"whether:spire/tower/room/sml/one/a\",posX:-2,posZ:1,rotation:\"NONE\"},{name:\"whether:spire/tower/stairway/sml/w\"}]}"} ] }, 
{ "type": "minecraft:item", "name": "minecraft:stick", "functions": [ { "function": "minecraft:set_nbt", "tag":"{struct:[{name:\"whether:spire/tower/room/sml/one/a\",posX:10,posZ:1,rotation:\"CLOCKWISE_90\"},{name:\"whether:spire/tower/stairway/sml/e\"}]}"} ] },

{ "type": "minecraft:item", "name": "minecraft:stick", "functions": [ { "function": "minecraft:set_nbt", "tag":"{struct:[{name:\"whether:spire/tower/room/med/all/a\",posX:-2,posZ:1,rotation:\"NONE\"},{name:\"whether:spire/tower/stairway/med/x\"}]}"} ],"weight":2 }, 
{ "type": "minecraft:item", "name": "minecraft:stick", "functions": [ { "function": "minecraft:set_nbt", "tag":"{struct:[{name:\"whether:spire/tower/room/med/all/b\",posX:-2,posZ:1,rotation:\"NONE\"},{name:\"whether:spire/tower/stairway/med/x\"}]}"} ],"weight":2 }, 
{ "type": "minecraft:item", "name": "minecraft:stick", "functions": [ { "function": "minecraft:set_nbt", "tag":"{struct:[{name:\"whether:spire/tower/room/med/all/c\",posX:-2,posZ:1,rotation:\"NONE\"},{name:\"whether:spire/tower/stairway/med/x\"}]}"} ],"weight":2 }, 
{ "type": "minecraft:item", "name": "minecraft:stick", "functions": [ { "function": "minecraft:set_nbt", "tag":"{struct:[{name:\"whether:spire/tower/room/med/one/a\",posX:-2,posZ:1,rotation:\"NONE\"},{name:\"whether:spire/tower/stairway/med/w\"}]}"} ] }, 
{ "type": "minecraft:item", "name": "minecraft:stick", "functions": [ { "function": "minecraft:set_nbt", "tag":"{struct:[{name:\"whether:spire/tower/room/med/one/a\",posX:10,posZ:1,rotation:\"CLOCKWISE_90\"},{name:\"whether:spire/tower/stairway/med/e\"}]}"} ] }
] } ] }