{ "type": "minecraft:chest", "pools": [ 
	{ "rolls": 1, "entries": [ 
		{ "type": "minecraft:item", "name": "minecraft:polar_bear_spawn_egg", "functions": [ { "function": "minecraft:set_nbt", "tag":"{display:{Lore:['{\"text\":\"Blindness (0:30)\",\"color\":\"red\",\"italic\":false}']},CustomModelData:1,EntityTag:{id:\"minecraft:area_effect_cloud\",Radius:0.5f,Duration:65565,Color:0,Tags:[\"trap\",\"whether_entity\",\"blindness\"]}}" } ] }, 
		{ "type": "minecraft:item", "name": "minecraft:polar_bear_spawn_egg", "functions": [ { "function": "minecraft:set_nbt", "tag":"{display:{Lore:['{\"text\":\"Summon Lightning Bolt\",\"color\":\"red\",\"italic\":false}']},CustomModelData:2,EntityTag:{id:\"minecraft:area_effect_cloud\",Radius:0.5f,Duration:65565,Color:16774927,Tags:[\"trap\",\"whether_entity\",\"bolt\"]}}" } ] }, 
		{ "type": "minecraft:item", "name": "minecraft:polar_bear_spawn_egg", "functions": [ { "function": "minecraft:set_nbt", "tag":"{display:{Lore:['{\"text\":\"Instant Damage\",\"color\":\"red\",\"italic\":false}']},CustomModelData:3,EntityTag:{id:\"minecraft:area_effect_cloud\",Radius:0.5f,Duration:65565,Color:16715021,Tags:[\"trap\",\"whether_entity\",\"damage\"]}}" } ] }, 
		{ "type": "minecraft:item", "name": "minecraft:polar_bear_spawn_egg", "functions": [ { "function": "minecraft:set_nbt", "tag":"{display:{Lore:['{\"text\":\"Summon Dragonball\",\"color\":\"red\",\"italic\":false}']},CustomModelData:4,EntityTag:{id:\"minecraft:area_effect_cloud\",Radius:0.5f,Duration:65565,Color:16712695,Tags:[\"trap\",\"whether_entity\",\"dragonball\"]}}" } ] }, 
		{ "type": "minecraft:item", "name": "minecraft:polar_bear_spawn_egg", "functions": [ { "function": "minecraft:set_nbt", "tag":"{display:{Lore:['{\"text\":\"Explosion\",\"color\":\"red\",\"italic\":false}']},CustomModelData:5,EntityTag:{id:\"minecraft:area_effect_cloud\",Radius:0.5f,Duration:65565,Color:11730944,Tags:[\"\trap\",\"explosion\"]}}" } ] }, 
		{ "type": "minecraft:item", "name": "minecraft:polar_bear_spawn_egg", "functions": [ { "function": "minecraft:set_nbt", "tag":"{display:{Lore:['{\"text\":\"Summon Evoker Fangs\",\"color\":\"red\",\"italic\":false}']},CustomModelData:6,EntityTag:{id:\"minecraft:area_effect_cloud\",Radius:0.5f,Duration:65565,Color:8553090,Tags:[\"trap\",\"whether_entity\",\"fangs\"]}}" } ] }, 
		{ "type": "minecraft:item", "name": "minecraft:polar_bear_spawn_egg", "functions": [ { "function": "minecraft:set_nbt", "tag":"{display:{Lore:['{\"text\":\"Mining Fatigue (1:00)\",\"color\":\"red\",\"italic\":false}']},CustomModelData:7,EntityTag:{id:\"minecraft:area_effect_cloud\",Radius:0.5f,Duration:65565,Color:12566463,Tags:[\"trap\",\"whether_entity\",\"fatigue\"]}}" } ] }, 
		{ "type": "minecraft:item", "name": "minecraft:polar_bear_spawn_egg", "functions": [ { "function": "minecraft:set_nbt", "tag":"{display:{Lore:['{\"text\":\"Firework\",\"color\":\"red\",\"italic\":false}']},CustomModelData:19,EntityTag:{id:\"minecraft:area_effect_cloud\",Radius:0.5f,Duration:65565,Color:16711680,Tags:[\"trap\",\"whether_entity\",\"firework\"]}}" } ] }, 
		{ "type": "minecraft:item", "name": "minecraft:polar_bear_spawn_egg", "functions": [ { "function": "minecraft:set_nbt", "tag":"{display:{Lore:['{\"text\":\"Flames\",\"color\":\"red\",\"italic\":false}']},CustomModelData:8,EntityTag:{id:\"minecraft:area_effect_cloud\",Radius:0.5f,Duration:65565,Color:16753152,Tags:[\"trap\",\"whether_entity\",\"flames\"]}}" } ] }, 
		{ "type": "minecraft:item", "name": "minecraft:polar_bear_spawn_egg", "functions": [ { "function": "minecraft:set_nbt", "tag":"{display:{Lore:['{\"text\":\"Glowing (0:15)\",\"color\":\"red\",\"italic\":false}']},CustomModelData:9,EntityTag:{id:\"minecraft:area_effect_cloud\",Radius:0.5f,Duration:65565,Color:16777057,Tags:[\"trap\",\"whether_entity\",\"glowing\"]}}" } ] }, 
		{ "type": "minecraft:item", "name": "minecraft:polar_bear_spawn_egg", "functions": [ { "function": "minecraft:set_nbt", "tag":"{display:{Lore:['{\"text\":\"Hunger (0:30)\",\"color\":\"red\",\"italic\":false}']},CustomModelData:10,EntityTag:{id:\"minecraft:area_effect_cloud\",Radius:0.5f,Duration:65565,Color:10579515,Tags:[\"trap\",\"whether_entity\",\"hunger\"]}}" } ] }, 
		{ "type": "minecraft:item", "name": "minecraft:polar_bear_spawn_egg", "functions": [ { "function": "minecraft:set_nbt", "tag":"{display:{Lore:['{\"text\":\"Levitation II (0:10)\",\"color\":\"red\",\"italic\":false}']},CustomModelData:14,EntityTag:{id:\"minecraft:area_effect_cloud\",Radius:0.5f,Duration:65565,Color:9582279,Tags:[\"trap\",\"whether_entity\",\"levitation\"]}}" } ] }, 
		{ "type": "minecraft:item", "name": "minecraft:polar_bear_spawn_egg", "functions": [ { "function": "minecraft:set_nbt", "tag":"{display:{Lore:['{\"text\":\"Nausea (0:15)\",\"color\":\"red\",\"italic\":false}']},CustomModelData:11,EntityTag:{id:\"minecraft:area_effect_cloud\",Radius:0.5f,Duration:65565,Color:7315759,Tags:[\"trap\",\"whether_entity\",\"nausea\"]}}" } ] }, 
		{ "type": "minecraft:item", "name": "minecraft:polar_bear_spawn_egg", "functions": [ { "function": "minecraft:set_nbt", "tag":"{display:{Lore:['{\"text\":\"Poison (0:15)\",\"color\":\"red\",\"italic\":false}']},CustomModelData:12,EntityTag:{id:\"minecraft:area_effect_cloud\",Radius:0.5f,Duration:65565,Color:4055808,Tags:[\"trap\",\"whether_entity\",\"poison\"]}}" } ] }, 
		{ "type": "minecraft:item", "name": "minecraft:polar_bear_spawn_egg", "functions": [ { "function": "minecraft:set_nbt", "tag":"{display:{Lore:['{\"text\":\"Redstone Power\",\"color\":\"red\",\"italic\":false}']},CustomModelData:13,EntityTag:{id:\"minecraft:area_effect_cloud\",Radius:0.5f,Duration:65565,Color:13042178,Tags:[\"trap\",\"whether_entity\",\"redstone\"]}}" } ] }, 
		{ "type": "minecraft:item", "name": "minecraft:polar_bear_spawn_egg", "functions": [ { "function": "minecraft:set_nbt", "tag":"{display:{Lore:['{\"text\":\"Slowness (1:00)\",\"color\":\"red\",\"italic\":false}']},CustomModelData:15,EntityTag:{id:\"minecraft:area_effect_cloud\",Radius:0.5f,Duration:65565,Color:1258365,Tags:[\"trap\",\"whether_entity\",\"slowness\"]}}" } ] }, 
		{ "type": "minecraft:item", "name": "minecraft:polar_bear_spawn_egg", "functions": [ { "function": "minecraft:set_nbt", "tag":"{display:{Lore:['{\"text\":\"Teleport\",\"color\":\"red\",\"italic\":false}']},CustomModelData:18,EntityTag:{id:\"minecraft:area_effect_cloud\",Radius:0.5f,Duration:65565,Color:11206821,Tags:[\"trap\",\"whether_entity\",\"teleport\"]}}" } ] }, 
		{ "type": "minecraft:item", "name": "minecraft:polar_bear_spawn_egg", "functions": [ { "function": "minecraft:set_nbt", "tag":"{display:{Lore:['{\"text\":\"Weakness (1:00)\",\"color\":\"red\",\"italic\":false}']},CustomModelData:16,EntityTag:{id:\"minecraft:area_effect_cloud\",Radius:0.5f,Duration:65565,Color:4856171,Tags:[\"trap\",\"whether_entity\",\"weakness\"]}}" } ] }, 
		{ "type": "minecraft:item", "name": "minecraft:polar_bear_spawn_egg", "functions": [ { "function": "minecraft:set_nbt", "tag":"{display:{Lore:['{\"text\":\"Wither (0:10)\",\"color\":\"red\",\"italic\":false}']},CustomModelData:17,EntityTag:{id:\"minecraft:area_effect_cloud\",Radius:0.5f,Duration:65565,Color:0,Tags:[\"trap\",\"whether_entity\",\"wither\"]}}" } ] }
	] },
	{ "rolls": 3, "entries": [ 
		{ "type": "minecraft:item", "name": "minecraft:chain_command_block", "weight":5},
		{ "type": "minecraft:item", "name": "minecraft:netherite_scrap", "weight":10},
		{ "type": "minecraft:item", "name": "minecraft:skull_banner_pattern", "weight":10},
		{ "type": "minecraft:item", "name": "minecraft:gold_ingot", "weight":15},
		{ "type": "minecraft:item", "name": "minecraft:iron_ingot", "weight":15},
		{ "type": "minecraft:item", "name": "minecraft:chain", "weight":15},
		{ "type": "minecraft:item", "name": "minecraft:gunpowder", "weight":15},
		{ "type": "minecraft:item", "name": "minecraft:gold_nugget", "weight":15},
		{ "type": "minecraft:item", "name": "minecraft:gilded_blackstone", "weight":15},
		{ "type": "minecraft:item", "name": "minecraft:iron_nugget", "weight":15},
		{ "type": "minecraft:item", "name": "minecraft:bone", "weight":15},
		{ "type": "minecraft:item", "name": "minecraft:spectral_arrow", "weight":15, "functions":[{"function": "minecraft:set_count","count":{"type":"uniform","min":1,"max":4}}]}
	] }
 ] }

