{
  "display": {
    "icon": {
      "item": "minecraft:polar_bear_spawn_egg",
      "nbt": "{CustomModelData:1}"
    },
    "title": "Arcane Librarian",
    "description": "Collect all Magic Scroll variants",
    "show_toast": true,
    "announce_to_chat": true,
    "hidden": false
  },
  "parent": "whether:scroll",
  "criteria": {
    "whether:scroll_1": {
      "trigger": "minecraft:inventory_changed",
      "conditions": {
        "items": [
          {
            "item": "minecraft:polar_bear_spawn_egg",
            "nbt": "{CustomModelData:1}"
          }
        ]
      }
    },
	"whether:scroll_2": {
      "trigger": "minecraft:inventory_changed",
      "conditions": {
        "items": [
          {
            "item": "minecraft:polar_bear_spawn_egg",
            "nbt": "{CustomModelData:2}"
          }
        ]
      }
    },
	"whether:scroll_3": {
      "trigger": "minecraft:inventory_changed",
      "conditions": {
        "items": [
          {
            "item": "minecraft:polar_bear_spawn_egg",
            "nbt": "{CustomModelData:3}"
          }
        ]
      }
    },
	"whether:scroll_4": {
      "trigger": "minecraft:inventory_changed",
      "conditions": {
        "items": [
          {
            "item": "minecraft:polar_bear_spawn_egg",
            "nbt": "{CustomModelData:4}"
          }
        ]
      }
    },
	"whether:scroll_5": {
      "trigger": "minecraft:inventory_changed",
      "conditions": {
        "items": [
          {
            "item": "minecraft:polar_bear_spawn_egg",
            "nbt": "{CustomModelData:5}"
          }
        ]
      }
    },
	"whether:scroll_6": {
      "trigger": "minecraft:inventory_changed",
      "conditions": {
        "items": [
          {
            "item": "minecraft:polar_bear_spawn_egg",
            "nbt": "{CustomModelData:6}"
          }
        ]
      }
    },
	"whether:scroll_7": {
      "trigger": "minecraft:inventory_changed",
      "conditions": {
        "items": [
          {
            "item": "minecraft:polar_bear_spawn_egg",
            "nbt": "{CustomModelData:7}"
          }
        ]
      }
    },
	"whether:scroll_8": {
      "trigger": "minecraft:inventory_changed",
      "conditions": {
        "items": [
          {
            "item": "minecraft:polar_bear_spawn_egg",
            "nbt": "{CustomModelData:8}"
          }
        ]
      }
    },
	"whether:scroll_9": {
      "trigger": "minecraft:inventory_changed",
      "conditions": {
        "items": [
          {
            "item": "minecraft:polar_bear_spawn_egg",
            "nbt": "{CustomModelData:9}"
          }
        ]
      }
    },
	"whether:scroll_10": {
      "trigger": "minecraft:inventory_changed",
      "conditions": {
        "items": [
          {
            "item": "minecraft:polar_bear_spawn_egg",
            "nbt": "{CustomModelData:10}"
          }
        ]
      }
    },
	"whether:scroll_11": {
      "trigger": "minecraft:inventory_changed",
      "conditions": {
        "items": [
          {
            "item": "minecraft:polar_bear_spawn_egg",
            "nbt": "{CustomModelData:11}"
          }
        ]
      }
    },
	"whether:scroll_12": {
      "trigger": "minecraft:inventory_changed",
      "conditions": {
        "items": [
          {
            "item": "minecraft:polar_bear_spawn_egg",
            "nbt": "{CustomModelData:12}"
          }
        ]
      }
    },
	"whether:scroll_13": {
      "trigger": "minecraft:inventory_changed",
      "conditions": {
        "items": [
          {
            "item": "minecraft:polar_bear_spawn_egg",
            "nbt": "{CustomModelData:13}"
          }
        ]
      }
    },
	"whether:scroll_14": {
      "trigger": "minecraft:inventory_changed",
      "conditions": {
        "items": [
          {
            "item": "minecraft:polar_bear_spawn_egg",
            "nbt": "{CustomModelData:14}"
          }
        ]
      }
    },
	"whether:scroll_15": {
      "trigger": "minecraft:inventory_changed",
      "conditions": {
        "items": [
          {
            "item": "minecraft:polar_bear_spawn_egg",
            "nbt": "{CustomModelData:15}"
          }
        ]
      }
    },
	"whether:scroll_16": {
      "trigger": "minecraft:inventory_changed",
      "conditions": {
        "items": [
          {
            "item": "minecraft:polar_bear_spawn_egg",
            "nbt": "{CustomModelData:16}"
          }
        ]
      }
    },
	"whether:scroll_17": {
      "trigger": "minecraft:inventory_changed",
      "conditions": {
        "items": [
          {
            "item": "minecraft:polar_bear_spawn_egg",
            "nbt": "{CustomModelData:17}"
          }
        ]
      }
    },
	"whether:scroll_18": {
      "trigger": "minecraft:inventory_changed",
      "conditions": {
        "items": [
          {
            "item": "minecraft:polar_bear_spawn_egg",
            "nbt": "{CustomModelData:18}"
          }
        ]
      }
    },
	"whether:scroll_19": {
      "trigger": "minecraft:inventory_changed",
      "conditions": {
        "items": [
          {
            "item": "minecraft:polar_bear_spawn_egg",
            "nbt": "{CustomModelData:19}"
          }
        ]
      }
    }
  }
}