{
  "display": {
    "icon": {
      "item": "minecraft:netherite_sword"
    },
    "title": "What a Boss",
    "description": "Defeat all Whether Bosses",
    "frame": "challenge",
    "show_toast": true,
    "announce_to_chat": true,
    "hidden": false
  },
  "parent": "whether:shulker_shell",
  "criteria": {
    "whether:magma_cube": {
      "trigger": "minecraft:player_killed_entity",
      "conditions": {
        "entity": {
          "type": "minecraft:magma_cube",
          "nbt": "{Size:7}"
        }
      }
    },
	"whether:phantom": {
      "trigger": "minecraft:player_killed_entity",
      "conditions": {
        "entity": {
          "type": "minecraft:phantom",
          "nbt": "{Size:20}"
        }
      }
    },
	"whether:illusioner": {
      "trigger": "minecraft:player_killed_entity",
      "conditions": {
        "entity": {
          "type": "minecraft:illusioner"
        }
      }
    },
	"whether:ravager": {
      "trigger": "minecraft:player_killed_entity",
      "conditions": {
        "entity": {
          "type": "minecraft:ravager",
          "nbt": "{Tags:[\"lost_beast\"]}"
        }
      }
    },
	"whether:ghast": {
      "trigger": "minecraft:player_killed_entity",
      "conditions": {
        "entity": {
          "type": "minecraft:ghast",
          "nbt": "{ExplosionPower:3}"
        }
      }
    }
  }
}