{
  "display": {
    "icon": {
      "item": "minecraft:compass"
    },
    "title": "Where are We Going?",
    "description": "Obtain a waypoint compass",
    "show_toast": true,
    "announce_to_chat": true,
    "hidden": false
  },
  "parent": "minecraft:nether/root",
  "criteria":{
	  "requirement": {
		  "trigger": "minecraft:inventory_changed",
		  "conditions": {
			"items": [
			  {
				"item": "minecraft:compass",
				"nbt": "{LodestoneTracked:0b}"
			  }
			]
		  }
		}
	}
}