{
  "display": {
    "icon": {
      "item": "minecraft:elytra",
		"nbt": "{CustomModelData:1b}"
    },
    "title": "Inclement Whether",
    "description": "Upgrade an Elytra at a Smithing Table",
    "show_toast": true,
    "announce_to_chat": true,
    "hidden": false
  },
  "parent": "whether:root",
  "criteria":{
	  "requirement": {
		  "trigger": "minecraft:inventory_changed",
		  "conditions": {
			"items": [
			  {
				"item": "minecraft:elytra",
				"nbt": "{CustomModelData:1b}"
			  }
			]
		  }
		}
	}
}