{
  "parent": "whether:skeleton_horse",
  "display": {
    "icon": {
      "item": "minecraft:saddle"
    },
    "title":"Where and Back Again",
    "description":"Explore all Whether biomes",
    "frame": "challenge",
    "show_toast": true,
    "announce_to_chat": true,
    "hidden": false
  },
  "criteria": {
    "whether:nether_wastes": {
      "trigger": "minecraft:location",
      "conditions": {
        "location": {
          "biome": "minecraft:nether_wastes",
		  "position":{
			"y":{
				"min":128,
				"max":256
				}
			}
        }
      }
    },
    "whether:soul_sand_valley": {
      "trigger": "minecraft:location",
      "conditions": {
        "location": {
          "biome": "minecraft:soul_sand_valley",
		  "position":{
			"y":{
				"min":128,
				"max":256
				}
			}
        }
      }
    },
    "whether:warped_forest": {
      "trigger": "minecraft:location",
      "conditions": {
        "location": {
          "biome": "minecraft:warped_forest",
		  "position":{
			"y":{
				"min":128,
				"max":256
				}
			}
        }
      }
    },
    "whether:crimson_forest": {
      "trigger": "minecraft:location",
      "conditions": {
        "location": {
          "biome": "minecraft:crimson_forest",
		  "position":{
			"y":{
				"min":128,
				"max":256
				}
			}
        }
      }
    },
    "whether:basalt_deltas": {
      "trigger": "minecraft:location",
      "conditions": {
        "location": {
          "biome": "minecraft:basalt_deltas",
		  "position":{
			"y":{
				"min":128,
				"max":256
				}
			}	
        }
      }
    }
  }
}