{
  "display": {
    "icon": {
      "item": "compass"
    },
    "title": "Pudge Controls the Whether",
    "description": "Generate 1000 Whether chunks",
    "frame": "challenge",
    "show_toast": true,
    "announce_to_chat": true,
    "hidden": false
  },
  "parent": "whether:explore_whether",
  "criteria": {
        "whether:generate/1":{"trigger":"minecraft:impossible"},
    "whether:generate/2":{"trigger":"minecraft:impossible"},
    "whether:generate/3":{"trigger":"minecraft:impossible"},
    "whether:generate/4":{"trigger":"minecraft:impossible"},
    "whether:generate/5":{"trigger":"minecraft:impossible"},
    "whether:generate/6":{"trigger":"minecraft:impossible"},
    "whether:generate/7":{"trigger":"minecraft:impossible"},
    "whether:generate/8":{"trigger":"minecraft:impossible"},
    "whether:generate/9":{"trigger":"minecraft:impossible"},
    "whether:generate/10":{"trigger":"minecraft:impossible"},
    "whether:generate/11":{"trigger":"minecraft:impossible"},
    "whether:generate/12":{"trigger":"minecraft:impossible"},
    "whether:generate/13":{"trigger":"minecraft:impossible"},
    "whether:generate/14":{"trigger":"minecraft:impossible"},
    "whether:generate/15":{"trigger":"minecraft:impossible"},
    "whether:generate/16":{"trigger":"minecraft:impossible"},
    "whether:generate/17":{"trigger":"minecraft:impossible"},
    "whether:generate/18":{"trigger":"minecraft:impossible"},
    "whether:generate/19":{"trigger":"minecraft:impossible"},
    "whether:generate/20":{"trigger":"minecraft:impossible"},
    "whether:generate/21":{"trigger":"minecraft:impossible"},
    "whether:generate/22":{"trigger":"minecraft:impossible"},
    "whether:generate/23":{"trigger":"minecraft:impossible"},
    "whether:generate/24":{"trigger":"minecraft:impossible"},
    "whether:generate/25":{"trigger":"minecraft:impossible"},
    "whether:generate/26":{"trigger":"minecraft:impossible"},
    "whether:generate/27":{"trigger":"minecraft:impossible"},
    "whether:generate/28":{"trigger":"minecraft:impossible"},
    "whether:generate/29":{"trigger":"minecraft:impossible"},
    "whether:generate/30":{"trigger":"minecraft:impossible"},
    "whether:generate/31":{"trigger":"minecraft:impossible"},
    "whether:generate/32":{"trigger":"minecraft:impossible"},
    "whether:generate/33":{"trigger":"minecraft:impossible"},
    "whether:generate/34":{"trigger":"minecraft:impossible"},
    "whether:generate/35":{"trigger":"minecraft:impossible"},
    "whether:generate/36":{"trigger":"minecraft:impossible"},
    "whether:generate/37":{"trigger":"minecraft:impossible"},
    "whether:generate/38":{"trigger":"minecraft:impossible"},
    "whether:generate/39":{"trigger":"minecraft:impossible"},
    "whether:generate/40":{"trigger":"minecraft:impossible"},
    "whether:generate/41":{"trigger":"minecraft:impossible"},
    "whether:generate/42":{"trigger":"minecraft:impossible"},
    "whether:generate/43":{"trigger":"minecraft:impossible"},
    "whether:generate/44":{"trigger":"minecraft:impossible"},
    "whether:generate/45":{"trigger":"minecraft:impossible"},
    "whether:generate/46":{"trigger":"minecraft:impossible"},
    "whether:generate/47":{"trigger":"minecraft:impossible"},
    "whether:generate/48":{"trigger":"minecraft:impossible"},
    "whether:generate/49":{"trigger":"minecraft:impossible"},
    "whether:generate/50":{"trigger":"minecraft:impossible"},
    "whether:generate/51":{"trigger":"minecraft:impossible"},
    "whether:generate/52":{"trigger":"minecraft:impossible"},
    "whether:generate/53":{"trigger":"minecraft:impossible"},
    "whether:generate/54":{"trigger":"minecraft:impossible"},
    "whether:generate/55":{"trigger":"minecraft:impossible"},
    "whether:generate/56":{"trigger":"minecraft:impossible"},
    "whether:generate/57":{"trigger":"minecraft:impossible"},
    "whether:generate/58":{"trigger":"minecraft:impossible"},
    "whether:generate/59":{"trigger":"minecraft:impossible"},
    "whether:generate/60":{"trigger":"minecraft:impossible"},
    "whether:generate/61":{"trigger":"minecraft:impossible"},
    "whether:generate/62":{"trigger":"minecraft:impossible"},
    "whether:generate/63":{"trigger":"minecraft:impossible"},
    "whether:generate/64":{"trigger":"minecraft:impossible"},
    "whether:generate/65":{"trigger":"minecraft:impossible"},
    "whether:generate/66":{"trigger":"minecraft:impossible"},
    "whether:generate/67":{"trigger":"minecraft:impossible"},
    "whether:generate/68":{"trigger":"minecraft:impossible"},
    "whether:generate/69":{"trigger":"minecraft:impossible"},
    "whether:generate/70":{"trigger":"minecraft:impossible"},
    "whether:generate/71":{"trigger":"minecraft:impossible"},
    "whether:generate/72":{"trigger":"minecraft:impossible"},
    "whether:generate/73":{"trigger":"minecraft:impossible"},
    "whether:generate/74":{"trigger":"minecraft:impossible"},
    "whether:generate/75":{"trigger":"minecraft:impossible"},
    "whether:generate/76":{"trigger":"minecraft:impossible"},
    "whether:generate/77":{"trigger":"minecraft:impossible"},
    "whether:generate/78":{"trigger":"minecraft:impossible"},
    "whether:generate/79":{"trigger":"minecraft:impossible"},
    "whether:generate/80":{"trigger":"minecraft:impossible"},
    "whether:generate/81":{"trigger":"minecraft:impossible"},
    "whether:generate/82":{"trigger":"minecraft:impossible"},
    "whether:generate/83":{"trigger":"minecraft:impossible"},
    "whether:generate/84":{"trigger":"minecraft:impossible"},
    "whether:generate/85":{"trigger":"minecraft:impossible"},
    "whether:generate/86":{"trigger":"minecraft:impossible"},
    "whether:generate/87":{"trigger":"minecraft:impossible"},
    "whether:generate/88":{"trigger":"minecraft:impossible"},
    "whether:generate/89":{"trigger":"minecraft:impossible"},
    "whether:generate/90":{"trigger":"minecraft:impossible"},
    "whether:generate/91":{"trigger":"minecraft:impossible"},
    "whether:generate/92":{"trigger":"minecraft:impossible"},
    "whether:generate/93":{"trigger":"minecraft:impossible"},
    "whether:generate/94":{"trigger":"minecraft:impossible"},
    "whether:generate/95":{"trigger":"minecraft:impossible"},
    "whether:generate/96":{"trigger":"minecraft:impossible"},
    "whether:generate/97":{"trigger":"minecraft:impossible"},
    "whether:generate/98":{"trigger":"minecraft:impossible"},
    "whether:generate/99":{"trigger":"minecraft:impossible"},
    "whether:generate/100":{"trigger":"minecraft:impossible"},
    "whether:generate/101":{"trigger":"minecraft:impossible"},
    "whether:generate/102":{"trigger":"minecraft:impossible"},
    "whether:generate/103":{"trigger":"minecraft:impossible"},
    "whether:generate/104":{"trigger":"minecraft:impossible"},
    "whether:generate/105":{"trigger":"minecraft:impossible"},
    "whether:generate/106":{"trigger":"minecraft:impossible"},
    "whether:generate/107":{"trigger":"minecraft:impossible"},
    "whether:generate/108":{"trigger":"minecraft:impossible"},
    "whether:generate/109":{"trigger":"minecraft:impossible"},
    "whether:generate/110":{"trigger":"minecraft:impossible"},
    "whether:generate/111":{"trigger":"minecraft:impossible"},
    "whether:generate/112":{"trigger":"minecraft:impossible"},
    "whether:generate/113":{"trigger":"minecraft:impossible"},
    "whether:generate/114":{"trigger":"minecraft:impossible"},
    "whether:generate/115":{"trigger":"minecraft:impossible"},
    "whether:generate/116":{"trigger":"minecraft:impossible"},
    "whether:generate/117":{"trigger":"minecraft:impossible"},
    "whether:generate/118":{"trigger":"minecraft:impossible"},
    "whether:generate/119":{"trigger":"minecraft:impossible"},
    "whether:generate/120":{"trigger":"minecraft:impossible"},
    "whether:generate/121":{"trigger":"minecraft:impossible"},
    "whether:generate/122":{"trigger":"minecraft:impossible"},
    "whether:generate/123":{"trigger":"minecraft:impossible"},
    "whether:generate/124":{"trigger":"minecraft:impossible"},
    "whether:generate/125":{"trigger":"minecraft:impossible"},
    "whether:generate/126":{"trigger":"minecraft:impossible"},
    "whether:generate/127":{"trigger":"minecraft:impossible"},
    "whether:generate/128":{"trigger":"minecraft:impossible"},
    "whether:generate/129":{"trigger":"minecraft:impossible"},
    "whether:generate/130":{"trigger":"minecraft:impossible"},
    "whether:generate/131":{"trigger":"minecraft:impossible"},
    "whether:generate/132":{"trigger":"minecraft:impossible"},
    "whether:generate/133":{"trigger":"minecraft:impossible"},
    "whether:generate/134":{"trigger":"minecraft:impossible"},
    "whether:generate/135":{"trigger":"minecraft:impossible"},
    "whether:generate/136":{"trigger":"minecraft:impossible"},
    "whether:generate/137":{"trigger":"minecraft:impossible"},
    "whether:generate/138":{"trigger":"minecraft:impossible"},
    "whether:generate/139":{"trigger":"minecraft:impossible"},
    "whether:generate/140":{"trigger":"minecraft:impossible"},
    "whether:generate/141":{"trigger":"minecraft:impossible"},
    "whether:generate/142":{"trigger":"minecraft:impossible"},
    "whether:generate/143":{"trigger":"minecraft:impossible"},
    "whether:generate/144":{"trigger":"minecraft:impossible"},
    "whether:generate/145":{"trigger":"minecraft:impossible"},
    "whether:generate/146":{"trigger":"minecraft:impossible"},
    "whether:generate/147":{"trigger":"minecraft:impossible"},
    "whether:generate/148":{"trigger":"minecraft:impossible"},
    "whether:generate/149":{"trigger":"minecraft:impossible"},
    "whether:generate/150":{"trigger":"minecraft:impossible"},
    "whether:generate/151":{"trigger":"minecraft:impossible"},
    "whether:generate/152":{"trigger":"minecraft:impossible"},
    "whether:generate/153":{"trigger":"minecraft:impossible"},
    "whether:generate/154":{"trigger":"minecraft:impossible"},
    "whether:generate/155":{"trigger":"minecraft:impossible"},
    "whether:generate/156":{"trigger":"minecraft:impossible"},
    "whether:generate/157":{"trigger":"minecraft:impossible"},
    "whether:generate/158":{"trigger":"minecraft:impossible"},
    "whether:generate/159":{"trigger":"minecraft:impossible"},
    "whether:generate/160":{"trigger":"minecraft:impossible"},
    "whether:generate/161":{"trigger":"minecraft:impossible"},
    "whether:generate/162":{"trigger":"minecraft:impossible"},
    "whether:generate/163":{"trigger":"minecraft:impossible"},
    "whether:generate/164":{"trigger":"minecraft:impossible"},
    "whether:generate/165":{"trigger":"minecraft:impossible"},
    "whether:generate/166":{"trigger":"minecraft:impossible"},
    "whether:generate/167":{"trigger":"minecraft:impossible"},
    "whether:generate/168":{"trigger":"minecraft:impossible"},
    "whether:generate/169":{"trigger":"minecraft:impossible"},
    "whether:generate/170":{"trigger":"minecraft:impossible"},
    "whether:generate/171":{"trigger":"minecraft:impossible"},
    "whether:generate/172":{"trigger":"minecraft:impossible"},
    "whether:generate/173":{"trigger":"minecraft:impossible"},
    "whether:generate/174":{"trigger":"minecraft:impossible"},
    "whether:generate/175":{"trigger":"minecraft:impossible"},
    "whether:generate/176":{"trigger":"minecraft:impossible"},
    "whether:generate/177":{"trigger":"minecraft:impossible"},
    "whether:generate/178":{"trigger":"minecraft:impossible"},
    "whether:generate/179":{"trigger":"minecraft:impossible"},
    "whether:generate/180":{"trigger":"minecraft:impossible"},
    "whether:generate/181":{"trigger":"minecraft:impossible"},
    "whether:generate/182":{"trigger":"minecraft:impossible"},
    "whether:generate/183":{"trigger":"minecraft:impossible"},
    "whether:generate/184":{"trigger":"minecraft:impossible"},
    "whether:generate/185":{"trigger":"minecraft:impossible"},
    "whether:generate/186":{"trigger":"minecraft:impossible"},
    "whether:generate/187":{"trigger":"minecraft:impossible"},
    "whether:generate/188":{"trigger":"minecraft:impossible"},
    "whether:generate/189":{"trigger":"minecraft:impossible"},
    "whether:generate/190":{"trigger":"minecraft:impossible"},
    "whether:generate/191":{"trigger":"minecraft:impossible"},
    "whether:generate/192":{"trigger":"minecraft:impossible"},
    "whether:generate/193":{"trigger":"minecraft:impossible"},
    "whether:generate/194":{"trigger":"minecraft:impossible"},
    "whether:generate/195":{"trigger":"minecraft:impossible"},
    "whether:generate/196":{"trigger":"minecraft:impossible"},
    "whether:generate/197":{"trigger":"minecraft:impossible"},
    "whether:generate/198":{"trigger":"minecraft:impossible"},
    "whether:generate/199":{"trigger":"minecraft:impossible"},
    "whether:generate/200":{"trigger":"minecraft:impossible"},
    "whether:generate/201":{"trigger":"minecraft:impossible"},
    "whether:generate/202":{"trigger":"minecraft:impossible"},
    "whether:generate/203":{"trigger":"minecraft:impossible"},
    "whether:generate/204":{"trigger":"minecraft:impossible"},
    "whether:generate/205":{"trigger":"minecraft:impossible"},
    "whether:generate/206":{"trigger":"minecraft:impossible"},
    "whether:generate/207":{"trigger":"minecraft:impossible"},
    "whether:generate/208":{"trigger":"minecraft:impossible"},
    "whether:generate/209":{"trigger":"minecraft:impossible"},
    "whether:generate/210":{"trigger":"minecraft:impossible"},
    "whether:generate/211":{"trigger":"minecraft:impossible"},
    "whether:generate/212":{"trigger":"minecraft:impossible"},
    "whether:generate/213":{"trigger":"minecraft:impossible"},
    "whether:generate/214":{"trigger":"minecraft:impossible"},
    "whether:generate/215":{"trigger":"minecraft:impossible"},
    "whether:generate/216":{"trigger":"minecraft:impossible"},
    "whether:generate/217":{"trigger":"minecraft:impossible"},
    "whether:generate/218":{"trigger":"minecraft:impossible"},
    "whether:generate/219":{"trigger":"minecraft:impossible"},
    "whether:generate/220":{"trigger":"minecraft:impossible"},
    "whether:generate/221":{"trigger":"minecraft:impossible"},
    "whether:generate/222":{"trigger":"minecraft:impossible"},
    "whether:generate/223":{"trigger":"minecraft:impossible"},
    "whether:generate/224":{"trigger":"minecraft:impossible"},
    "whether:generate/225":{"trigger":"minecraft:impossible"},
    "whether:generate/226":{"trigger":"minecraft:impossible"},
    "whether:generate/227":{"trigger":"minecraft:impossible"},
    "whether:generate/228":{"trigger":"minecraft:impossible"},
    "whether:generate/229":{"trigger":"minecraft:impossible"},
    "whether:generate/230":{"trigger":"minecraft:impossible"},
    "whether:generate/231":{"trigger":"minecraft:impossible"},
    "whether:generate/232":{"trigger":"minecraft:impossible"},
    "whether:generate/233":{"trigger":"minecraft:impossible"},
    "whether:generate/234":{"trigger":"minecraft:impossible"},
    "whether:generate/235":{"trigger":"minecraft:impossible"},
    "whether:generate/236":{"trigger":"minecraft:impossible"},
    "whether:generate/237":{"trigger":"minecraft:impossible"},
    "whether:generate/238":{"trigger":"minecraft:impossible"},
    "whether:generate/239":{"trigger":"minecraft:impossible"},
    "whether:generate/240":{"trigger":"minecraft:impossible"},
    "whether:generate/241":{"trigger":"minecraft:impossible"},
    "whether:generate/242":{"trigger":"minecraft:impossible"},
    "whether:generate/243":{"trigger":"minecraft:impossible"},
    "whether:generate/244":{"trigger":"minecraft:impossible"},
    "whether:generate/245":{"trigger":"minecraft:impossible"},
    "whether:generate/246":{"trigger":"minecraft:impossible"},
    "whether:generate/247":{"trigger":"minecraft:impossible"},
    "whether:generate/248":{"trigger":"minecraft:impossible"},
    "whether:generate/249":{"trigger":"minecraft:impossible"},
    "whether:generate/250":{"trigger":"minecraft:impossible"},
    "whether:generate/251":{"trigger":"minecraft:impossible"},
    "whether:generate/252":{"trigger":"minecraft:impossible"},
    "whether:generate/253":{"trigger":"minecraft:impossible"},
    "whether:generate/254":{"trigger":"minecraft:impossible"},
    "whether:generate/255":{"trigger":"minecraft:impossible"},
    "whether:generate/256":{"trigger":"minecraft:impossible"},
    "whether:generate/257":{"trigger":"minecraft:impossible"},
    "whether:generate/258":{"trigger":"minecraft:impossible"},
    "whether:generate/259":{"trigger":"minecraft:impossible"},
    "whether:generate/260":{"trigger":"minecraft:impossible"},
    "whether:generate/261":{"trigger":"minecraft:impossible"},
    "whether:generate/262":{"trigger":"minecraft:impossible"},
    "whether:generate/263":{"trigger":"minecraft:impossible"},
    "whether:generate/264":{"trigger":"minecraft:impossible"},
    "whether:generate/265":{"trigger":"minecraft:impossible"},
    "whether:generate/266":{"trigger":"minecraft:impossible"},
    "whether:generate/267":{"trigger":"minecraft:impossible"},
    "whether:generate/268":{"trigger":"minecraft:impossible"},
    "whether:generate/269":{"trigger":"minecraft:impossible"},
    "whether:generate/270":{"trigger":"minecraft:impossible"},
    "whether:generate/271":{"trigger":"minecraft:impossible"},
    "whether:generate/272":{"trigger":"minecraft:impossible"},
    "whether:generate/273":{"trigger":"minecraft:impossible"},
    "whether:generate/274":{"trigger":"minecraft:impossible"},
    "whether:generate/275":{"trigger":"minecraft:impossible"},
    "whether:generate/276":{"trigger":"minecraft:impossible"},
    "whether:generate/277":{"trigger":"minecraft:impossible"},
    "whether:generate/278":{"trigger":"minecraft:impossible"},
    "whether:generate/279":{"trigger":"minecraft:impossible"},
    "whether:generate/280":{"trigger":"minecraft:impossible"},
    "whether:generate/281":{"trigger":"minecraft:impossible"},
    "whether:generate/282":{"trigger":"minecraft:impossible"},
    "whether:generate/283":{"trigger":"minecraft:impossible"},
    "whether:generate/284":{"trigger":"minecraft:impossible"},
    "whether:generate/285":{"trigger":"minecraft:impossible"},
    "whether:generate/286":{"trigger":"minecraft:impossible"},
    "whether:generate/287":{"trigger":"minecraft:impossible"},
    "whether:generate/288":{"trigger":"minecraft:impossible"},
    "whether:generate/289":{"trigger":"minecraft:impossible"},
    "whether:generate/290":{"trigger":"minecraft:impossible"},
    "whether:generate/291":{"trigger":"minecraft:impossible"},
    "whether:generate/292":{"trigger":"minecraft:impossible"},
    "whether:generate/293":{"trigger":"minecraft:impossible"},
    "whether:generate/294":{"trigger":"minecraft:impossible"},
    "whether:generate/295":{"trigger":"minecraft:impossible"},
    "whether:generate/296":{"trigger":"minecraft:impossible"},
    "whether:generate/297":{"trigger":"minecraft:impossible"},
    "whether:generate/298":{"trigger":"minecraft:impossible"},
    "whether:generate/299":{"trigger":"minecraft:impossible"},
    "whether:generate/300":{"trigger":"minecraft:impossible"},
    "whether:generate/301":{"trigger":"minecraft:impossible"},
    "whether:generate/302":{"trigger":"minecraft:impossible"},
    "whether:generate/303":{"trigger":"minecraft:impossible"},
    "whether:generate/304":{"trigger":"minecraft:impossible"},
    "whether:generate/305":{"trigger":"minecraft:impossible"},
    "whether:generate/306":{"trigger":"minecraft:impossible"},
    "whether:generate/307":{"trigger":"minecraft:impossible"},
    "whether:generate/308":{"trigger":"minecraft:impossible"},
    "whether:generate/309":{"trigger":"minecraft:impossible"},
    "whether:generate/310":{"trigger":"minecraft:impossible"},
    "whether:generate/311":{"trigger":"minecraft:impossible"},
    "whether:generate/312":{"trigger":"minecraft:impossible"},
    "whether:generate/313":{"trigger":"minecraft:impossible"},
    "whether:generate/314":{"trigger":"minecraft:impossible"},
    "whether:generate/315":{"trigger":"minecraft:impossible"},
    "whether:generate/316":{"trigger":"minecraft:impossible"},
    "whether:generate/317":{"trigger":"minecraft:impossible"},
    "whether:generate/318":{"trigger":"minecraft:impossible"},
    "whether:generate/319":{"trigger":"minecraft:impossible"},
    "whether:generate/320":{"trigger":"minecraft:impossible"},
    "whether:generate/321":{"trigger":"minecraft:impossible"},
    "whether:generate/322":{"trigger":"minecraft:impossible"},
    "whether:generate/323":{"trigger":"minecraft:impossible"},
    "whether:generate/324":{"trigger":"minecraft:impossible"},
    "whether:generate/325":{"trigger":"minecraft:impossible"},
    "whether:generate/326":{"trigger":"minecraft:impossible"},
    "whether:generate/327":{"trigger":"minecraft:impossible"},
    "whether:generate/328":{"trigger":"minecraft:impossible"},
    "whether:generate/329":{"trigger":"minecraft:impossible"},
    "whether:generate/330":{"trigger":"minecraft:impossible"},
    "whether:generate/331":{"trigger":"minecraft:impossible"},
    "whether:generate/332":{"trigger":"minecraft:impossible"},
    "whether:generate/333":{"trigger":"minecraft:impossible"},
    "whether:generate/334":{"trigger":"minecraft:impossible"},
    "whether:generate/335":{"trigger":"minecraft:impossible"},
    "whether:generate/336":{"trigger":"minecraft:impossible"},
    "whether:generate/337":{"trigger":"minecraft:impossible"},
    "whether:generate/338":{"trigger":"minecraft:impossible"},
    "whether:generate/339":{"trigger":"minecraft:impossible"},
    "whether:generate/340":{"trigger":"minecraft:impossible"},
    "whether:generate/341":{"trigger":"minecraft:impossible"},
    "whether:generate/342":{"trigger":"minecraft:impossible"},
    "whether:generate/343":{"trigger":"minecraft:impossible"},
    "whether:generate/344":{"trigger":"minecraft:impossible"},
    "whether:generate/345":{"trigger":"minecraft:impossible"},
    "whether:generate/346":{"trigger":"minecraft:impossible"},
    "whether:generate/347":{"trigger":"minecraft:impossible"},
    "whether:generate/348":{"trigger":"minecraft:impossible"},
    "whether:generate/349":{"trigger":"minecraft:impossible"},
    "whether:generate/350":{"trigger":"minecraft:impossible"},
    "whether:generate/351":{"trigger":"minecraft:impossible"},
    "whether:generate/352":{"trigger":"minecraft:impossible"},
    "whether:generate/353":{"trigger":"minecraft:impossible"},
    "whether:generate/354":{"trigger":"minecraft:impossible"},
    "whether:generate/355":{"trigger":"minecraft:impossible"},
    "whether:generate/356":{"trigger":"minecraft:impossible"},
    "whether:generate/357":{"trigger":"minecraft:impossible"},
    "whether:generate/358":{"trigger":"minecraft:impossible"},
    "whether:generate/359":{"trigger":"minecraft:impossible"},
    "whether:generate/360":{"trigger":"minecraft:impossible"},
    "whether:generate/361":{"trigger":"minecraft:impossible"},
    "whether:generate/362":{"trigger":"minecraft:impossible"},
    "whether:generate/363":{"trigger":"minecraft:impossible"},
    "whether:generate/364":{"trigger":"minecraft:impossible"},
    "whether:generate/365":{"trigger":"minecraft:impossible"},
    "whether:generate/366":{"trigger":"minecraft:impossible"},
    "whether:generate/367":{"trigger":"minecraft:impossible"},
    "whether:generate/368":{"trigger":"minecraft:impossible"},
    "whether:generate/369":{"trigger":"minecraft:impossible"},
    "whether:generate/370":{"trigger":"minecraft:impossible"},
    "whether:generate/371":{"trigger":"minecraft:impossible"},
    "whether:generate/372":{"trigger":"minecraft:impossible"},
    "whether:generate/373":{"trigger":"minecraft:impossible"},
    "whether:generate/374":{"trigger":"minecraft:impossible"},
    "whether:generate/375":{"trigger":"minecraft:impossible"},
    "whether:generate/376":{"trigger":"minecraft:impossible"},
    "whether:generate/377":{"trigger":"minecraft:impossible"},
    "whether:generate/378":{"trigger":"minecraft:impossible"},
    "whether:generate/379":{"trigger":"minecraft:impossible"},
    "whether:generate/380":{"trigger":"minecraft:impossible"},
    "whether:generate/381":{"trigger":"minecraft:impossible"},
    "whether:generate/382":{"trigger":"minecraft:impossible"},
    "whether:generate/383":{"trigger":"minecraft:impossible"},
    "whether:generate/384":{"trigger":"minecraft:impossible"},
    "whether:generate/385":{"trigger":"minecraft:impossible"},
    "whether:generate/386":{"trigger":"minecraft:impossible"},
    "whether:generate/387":{"trigger":"minecraft:impossible"},
    "whether:generate/388":{"trigger":"minecraft:impossible"},
    "whether:generate/389":{"trigger":"minecraft:impossible"},
    "whether:generate/390":{"trigger":"minecraft:impossible"},
    "whether:generate/391":{"trigger":"minecraft:impossible"},
    "whether:generate/392":{"trigger":"minecraft:impossible"},
    "whether:generate/393":{"trigger":"minecraft:impossible"},
    "whether:generate/394":{"trigger":"minecraft:impossible"},
    "whether:generate/395":{"trigger":"minecraft:impossible"},
    "whether:generate/396":{"trigger":"minecraft:impossible"},
    "whether:generate/397":{"trigger":"minecraft:impossible"},
    "whether:generate/398":{"trigger":"minecraft:impossible"},
    "whether:generate/399":{"trigger":"minecraft:impossible"},
    "whether:generate/400":{"trigger":"minecraft:impossible"},
    "whether:generate/401":{"trigger":"minecraft:impossible"},
    "whether:generate/402":{"trigger":"minecraft:impossible"},
    "whether:generate/403":{"trigger":"minecraft:impossible"},
    "whether:generate/404":{"trigger":"minecraft:impossible"},
    "whether:generate/405":{"trigger":"minecraft:impossible"},
    "whether:generate/406":{"trigger":"minecraft:impossible"},
    "whether:generate/407":{"trigger":"minecraft:impossible"},
    "whether:generate/408":{"trigger":"minecraft:impossible"},
    "whether:generate/409":{"trigger":"minecraft:impossible"},
    "whether:generate/410":{"trigger":"minecraft:impossible"},
    "whether:generate/411":{"trigger":"minecraft:impossible"},
    "whether:generate/412":{"trigger":"minecraft:impossible"},
    "whether:generate/413":{"trigger":"minecraft:impossible"},
    "whether:generate/414":{"trigger":"minecraft:impossible"},
    "whether:generate/415":{"trigger":"minecraft:impossible"},
    "whether:generate/416":{"trigger":"minecraft:impossible"},
    "whether:generate/417":{"trigger":"minecraft:impossible"},
    "whether:generate/418":{"trigger":"minecraft:impossible"},
    "whether:generate/419":{"trigger":"minecraft:impossible"},
    "whether:generate/420":{"trigger":"minecraft:impossible"},
    "whether:generate/421":{"trigger":"minecraft:impossible"},
    "whether:generate/422":{"trigger":"minecraft:impossible"},
    "whether:generate/423":{"trigger":"minecraft:impossible"},
    "whether:generate/424":{"trigger":"minecraft:impossible"},
    "whether:generate/425":{"trigger":"minecraft:impossible"},
    "whether:generate/426":{"trigger":"minecraft:impossible"},
    "whether:generate/427":{"trigger":"minecraft:impossible"},
    "whether:generate/428":{"trigger":"minecraft:impossible"},
    "whether:generate/429":{"trigger":"minecraft:impossible"},
    "whether:generate/430":{"trigger":"minecraft:impossible"},
    "whether:generate/431":{"trigger":"minecraft:impossible"},
    "whether:generate/432":{"trigger":"minecraft:impossible"},
    "whether:generate/433":{"trigger":"minecraft:impossible"},
    "whether:generate/434":{"trigger":"minecraft:impossible"},
    "whether:generate/435":{"trigger":"minecraft:impossible"},
    "whether:generate/436":{"trigger":"minecraft:impossible"},
    "whether:generate/437":{"trigger":"minecraft:impossible"},
    "whether:generate/438":{"trigger":"minecraft:impossible"},
    "whether:generate/439":{"trigger":"minecraft:impossible"},
    "whether:generate/440":{"trigger":"minecraft:impossible"},
    "whether:generate/441":{"trigger":"minecraft:impossible"},
    "whether:generate/442":{"trigger":"minecraft:impossible"},
    "whether:generate/443":{"trigger":"minecraft:impossible"},
    "whether:generate/444":{"trigger":"minecraft:impossible"},
    "whether:generate/445":{"trigger":"minecraft:impossible"},
    "whether:generate/446":{"trigger":"minecraft:impossible"},
    "whether:generate/447":{"trigger":"minecraft:impossible"},
    "whether:generate/448":{"trigger":"minecraft:impossible"},
    "whether:generate/449":{"trigger":"minecraft:impossible"},
    "whether:generate/450":{"trigger":"minecraft:impossible"},
    "whether:generate/451":{"trigger":"minecraft:impossible"},
    "whether:generate/452":{"trigger":"minecraft:impossible"},
    "whether:generate/453":{"trigger":"minecraft:impossible"},
    "whether:generate/454":{"trigger":"minecraft:impossible"},
    "whether:generate/455":{"trigger":"minecraft:impossible"},
    "whether:generate/456":{"trigger":"minecraft:impossible"},
    "whether:generate/457":{"trigger":"minecraft:impossible"},
    "whether:generate/458":{"trigger":"minecraft:impossible"},
    "whether:generate/459":{"trigger":"minecraft:impossible"},
    "whether:generate/460":{"trigger":"minecraft:impossible"},
    "whether:generate/461":{"trigger":"minecraft:impossible"},
    "whether:generate/462":{"trigger":"minecraft:impossible"},
    "whether:generate/463":{"trigger":"minecraft:impossible"},
    "whether:generate/464":{"trigger":"minecraft:impossible"},
    "whether:generate/465":{"trigger":"minecraft:impossible"},
    "whether:generate/466":{"trigger":"minecraft:impossible"},
    "whether:generate/467":{"trigger":"minecraft:impossible"},
    "whether:generate/468":{"trigger":"minecraft:impossible"},
    "whether:generate/469":{"trigger":"minecraft:impossible"},
    "whether:generate/470":{"trigger":"minecraft:impossible"},
    "whether:generate/471":{"trigger":"minecraft:impossible"},
    "whether:generate/472":{"trigger":"minecraft:impossible"},
    "whether:generate/473":{"trigger":"minecraft:impossible"},
    "whether:generate/474":{"trigger":"minecraft:impossible"},
    "whether:generate/475":{"trigger":"minecraft:impossible"},
    "whether:generate/476":{"trigger":"minecraft:impossible"},
    "whether:generate/477":{"trigger":"minecraft:impossible"},
    "whether:generate/478":{"trigger":"minecraft:impossible"},
    "whether:generate/479":{"trigger":"minecraft:impossible"},
    "whether:generate/480":{"trigger":"minecraft:impossible"},
    "whether:generate/481":{"trigger":"minecraft:impossible"},
    "whether:generate/482":{"trigger":"minecraft:impossible"},
    "whether:generate/483":{"trigger":"minecraft:impossible"},
    "whether:generate/484":{"trigger":"minecraft:impossible"},
    "whether:generate/485":{"trigger":"minecraft:impossible"},
    "whether:generate/486":{"trigger":"minecraft:impossible"},
    "whether:generate/487":{"trigger":"minecraft:impossible"},
    "whether:generate/488":{"trigger":"minecraft:impossible"},
    "whether:generate/489":{"trigger":"minecraft:impossible"},
    "whether:generate/490":{"trigger":"minecraft:impossible"},
    "whether:generate/491":{"trigger":"minecraft:impossible"},
    "whether:generate/492":{"trigger":"minecraft:impossible"},
    "whether:generate/493":{"trigger":"minecraft:impossible"},
    "whether:generate/494":{"trigger":"minecraft:impossible"},
    "whether:generate/495":{"trigger":"minecraft:impossible"},
    "whether:generate/496":{"trigger":"minecraft:impossible"},
    "whether:generate/497":{"trigger":"minecraft:impossible"},
    "whether:generate/498":{"trigger":"minecraft:impossible"},
    "whether:generate/499":{"trigger":"minecraft:impossible"},
    "whether:generate/500":{"trigger":"minecraft:impossible"},
    "whether:generate/501":{"trigger":"minecraft:impossible"},
    "whether:generate/502":{"trigger":"minecraft:impossible"},
    "whether:generate/503":{"trigger":"minecraft:impossible"},
    "whether:generate/504":{"trigger":"minecraft:impossible"},
    "whether:generate/505":{"trigger":"minecraft:impossible"},
    "whether:generate/506":{"trigger":"minecraft:impossible"},
    "whether:generate/507":{"trigger":"minecraft:impossible"},
    "whether:generate/508":{"trigger":"minecraft:impossible"},
    "whether:generate/509":{"trigger":"minecraft:impossible"},
    "whether:generate/510":{"trigger":"minecraft:impossible"},
    "whether:generate/511":{"trigger":"minecraft:impossible"},
    "whether:generate/512":{"trigger":"minecraft:impossible"},
    "whether:generate/513":{"trigger":"minecraft:impossible"},
    "whether:generate/514":{"trigger":"minecraft:impossible"},
    "whether:generate/515":{"trigger":"minecraft:impossible"},
    "whether:generate/516":{"trigger":"minecraft:impossible"},
    "whether:generate/517":{"trigger":"minecraft:impossible"},
    "whether:generate/518":{"trigger":"minecraft:impossible"},
    "whether:generate/519":{"trigger":"minecraft:impossible"},
    "whether:generate/520":{"trigger":"minecraft:impossible"},
    "whether:generate/521":{"trigger":"minecraft:impossible"},
    "whether:generate/522":{"trigger":"minecraft:impossible"},
    "whether:generate/523":{"trigger":"minecraft:impossible"},
    "whether:generate/524":{"trigger":"minecraft:impossible"},
    "whether:generate/525":{"trigger":"minecraft:impossible"},
    "whether:generate/526":{"trigger":"minecraft:impossible"},
    "whether:generate/527":{"trigger":"minecraft:impossible"},
    "whether:generate/528":{"trigger":"minecraft:impossible"},
    "whether:generate/529":{"trigger":"minecraft:impossible"},
    "whether:generate/530":{"trigger":"minecraft:impossible"},
    "whether:generate/531":{"trigger":"minecraft:impossible"},
    "whether:generate/532":{"trigger":"minecraft:impossible"},
    "whether:generate/533":{"trigger":"minecraft:impossible"},
    "whether:generate/534":{"trigger":"minecraft:impossible"},
    "whether:generate/535":{"trigger":"minecraft:impossible"},
    "whether:generate/536":{"trigger":"minecraft:impossible"},
    "whether:generate/537":{"trigger":"minecraft:impossible"},
    "whether:generate/538":{"trigger":"minecraft:impossible"},
    "whether:generate/539":{"trigger":"minecraft:impossible"},
    "whether:generate/540":{"trigger":"minecraft:impossible"},
    "whether:generate/541":{"trigger":"minecraft:impossible"},
    "whether:generate/542":{"trigger":"minecraft:impossible"},
    "whether:generate/543":{"trigger":"minecraft:impossible"},
    "whether:generate/544":{"trigger":"minecraft:impossible"},
    "whether:generate/545":{"trigger":"minecraft:impossible"},
    "whether:generate/546":{"trigger":"minecraft:impossible"},
    "whether:generate/547":{"trigger":"minecraft:impossible"},
    "whether:generate/548":{"trigger":"minecraft:impossible"},
    "whether:generate/549":{"trigger":"minecraft:impossible"},
    "whether:generate/550":{"trigger":"minecraft:impossible"},
    "whether:generate/551":{"trigger":"minecraft:impossible"},
    "whether:generate/552":{"trigger":"minecraft:impossible"},
    "whether:generate/553":{"trigger":"minecraft:impossible"},
    "whether:generate/554":{"trigger":"minecraft:impossible"},
    "whether:generate/555":{"trigger":"minecraft:impossible"},
    "whether:generate/556":{"trigger":"minecraft:impossible"},
    "whether:generate/557":{"trigger":"minecraft:impossible"},
    "whether:generate/558":{"trigger":"minecraft:impossible"},
    "whether:generate/559":{"trigger":"minecraft:impossible"},
    "whether:generate/560":{"trigger":"minecraft:impossible"},
    "whether:generate/561":{"trigger":"minecraft:impossible"},
    "whether:generate/562":{"trigger":"minecraft:impossible"},
    "whether:generate/563":{"trigger":"minecraft:impossible"},
    "whether:generate/564":{"trigger":"minecraft:impossible"},
    "whether:generate/565":{"trigger":"minecraft:impossible"},
    "whether:generate/566":{"trigger":"minecraft:impossible"},
    "whether:generate/567":{"trigger":"minecraft:impossible"},
    "whether:generate/568":{"trigger":"minecraft:impossible"},
    "whether:generate/569":{"trigger":"minecraft:impossible"},
    "whether:generate/570":{"trigger":"minecraft:impossible"},
    "whether:generate/571":{"trigger":"minecraft:impossible"},
    "whether:generate/572":{"trigger":"minecraft:impossible"},
    "whether:generate/573":{"trigger":"minecraft:impossible"},
    "whether:generate/574":{"trigger":"minecraft:impossible"},
    "whether:generate/575":{"trigger":"minecraft:impossible"},
    "whether:generate/576":{"trigger":"minecraft:impossible"},
    "whether:generate/577":{"trigger":"minecraft:impossible"},
    "whether:generate/578":{"trigger":"minecraft:impossible"},
    "whether:generate/579":{"trigger":"minecraft:impossible"},
    "whether:generate/580":{"trigger":"minecraft:impossible"},
    "whether:generate/581":{"trigger":"minecraft:impossible"},
    "whether:generate/582":{"trigger":"minecraft:impossible"},
    "whether:generate/583":{"trigger":"minecraft:impossible"},
    "whether:generate/584":{"trigger":"minecraft:impossible"},
    "whether:generate/585":{"trigger":"minecraft:impossible"},
    "whether:generate/586":{"trigger":"minecraft:impossible"},
    "whether:generate/587":{"trigger":"minecraft:impossible"},
    "whether:generate/588":{"trigger":"minecraft:impossible"},
    "whether:generate/589":{"trigger":"minecraft:impossible"},
    "whether:generate/590":{"trigger":"minecraft:impossible"},
    "whether:generate/591":{"trigger":"minecraft:impossible"},
    "whether:generate/592":{"trigger":"minecraft:impossible"},
    "whether:generate/593":{"trigger":"minecraft:impossible"},
    "whether:generate/594":{"trigger":"minecraft:impossible"},
    "whether:generate/595":{"trigger":"minecraft:impossible"},
    "whether:generate/596":{"trigger":"minecraft:impossible"},
    "whether:generate/597":{"trigger":"minecraft:impossible"},
    "whether:generate/598":{"trigger":"minecraft:impossible"},
    "whether:generate/599":{"trigger":"minecraft:impossible"},
    "whether:generate/600":{"trigger":"minecraft:impossible"},
    "whether:generate/601":{"trigger":"minecraft:impossible"},
    "whether:generate/602":{"trigger":"minecraft:impossible"},
    "whether:generate/603":{"trigger":"minecraft:impossible"},
    "whether:generate/604":{"trigger":"minecraft:impossible"},
    "whether:generate/605":{"trigger":"minecraft:impossible"},
    "whether:generate/606":{"trigger":"minecraft:impossible"},
    "whether:generate/607":{"trigger":"minecraft:impossible"},
    "whether:generate/608":{"trigger":"minecraft:impossible"},
    "whether:generate/609":{"trigger":"minecraft:impossible"},
    "whether:generate/610":{"trigger":"minecraft:impossible"},
    "whether:generate/611":{"trigger":"minecraft:impossible"},
    "whether:generate/612":{"trigger":"minecraft:impossible"},
    "whether:generate/613":{"trigger":"minecraft:impossible"},
    "whether:generate/614":{"trigger":"minecraft:impossible"},
    "whether:generate/615":{"trigger":"minecraft:impossible"},
    "whether:generate/616":{"trigger":"minecraft:impossible"},
    "whether:generate/617":{"trigger":"minecraft:impossible"},
    "whether:generate/618":{"trigger":"minecraft:impossible"},
    "whether:generate/619":{"trigger":"minecraft:impossible"},
    "whether:generate/620":{"trigger":"minecraft:impossible"},
    "whether:generate/621":{"trigger":"minecraft:impossible"},
    "whether:generate/622":{"trigger":"minecraft:impossible"},
    "whether:generate/623":{"trigger":"minecraft:impossible"},
    "whether:generate/624":{"trigger":"minecraft:impossible"},
    "whether:generate/625":{"trigger":"minecraft:impossible"},
    "whether:generate/626":{"trigger":"minecraft:impossible"},
    "whether:generate/627":{"trigger":"minecraft:impossible"},
    "whether:generate/628":{"trigger":"minecraft:impossible"},
    "whether:generate/629":{"trigger":"minecraft:impossible"},
    "whether:generate/630":{"trigger":"minecraft:impossible"},
    "whether:generate/631":{"trigger":"minecraft:impossible"},
    "whether:generate/632":{"trigger":"minecraft:impossible"},
    "whether:generate/633":{"trigger":"minecraft:impossible"},
    "whether:generate/634":{"trigger":"minecraft:impossible"},
    "whether:generate/635":{"trigger":"minecraft:impossible"},
    "whether:generate/636":{"trigger":"minecraft:impossible"},
    "whether:generate/637":{"trigger":"minecraft:impossible"},
    "whether:generate/638":{"trigger":"minecraft:impossible"},
    "whether:generate/639":{"trigger":"minecraft:impossible"},
    "whether:generate/640":{"trigger":"minecraft:impossible"},
    "whether:generate/641":{"trigger":"minecraft:impossible"},
    "whether:generate/642":{"trigger":"minecraft:impossible"},
    "whether:generate/643":{"trigger":"minecraft:impossible"},
    "whether:generate/644":{"trigger":"minecraft:impossible"},
    "whether:generate/645":{"trigger":"minecraft:impossible"},
    "whether:generate/646":{"trigger":"minecraft:impossible"},
    "whether:generate/647":{"trigger":"minecraft:impossible"},
    "whether:generate/648":{"trigger":"minecraft:impossible"},
    "whether:generate/649":{"trigger":"minecraft:impossible"},
    "whether:generate/650":{"trigger":"minecraft:impossible"},
    "whether:generate/651":{"trigger":"minecraft:impossible"},
    "whether:generate/652":{"trigger":"minecraft:impossible"},
    "whether:generate/653":{"trigger":"minecraft:impossible"},
    "whether:generate/654":{"trigger":"minecraft:impossible"},
    "whether:generate/655":{"trigger":"minecraft:impossible"},
    "whether:generate/656":{"trigger":"minecraft:impossible"},
    "whether:generate/657":{"trigger":"minecraft:impossible"},
    "whether:generate/658":{"trigger":"minecraft:impossible"},
    "whether:generate/659":{"trigger":"minecraft:impossible"},
    "whether:generate/660":{"trigger":"minecraft:impossible"},
    "whether:generate/661":{"trigger":"minecraft:impossible"},
    "whether:generate/662":{"trigger":"minecraft:impossible"},
    "whether:generate/663":{"trigger":"minecraft:impossible"},
    "whether:generate/664":{"trigger":"minecraft:impossible"},
    "whether:generate/665":{"trigger":"minecraft:impossible"},
    "whether:generate/666":{"trigger":"minecraft:impossible"},
    "whether:generate/667":{"trigger":"minecraft:impossible"},
    "whether:generate/668":{"trigger":"minecraft:impossible"},
    "whether:generate/669":{"trigger":"minecraft:impossible"},
    "whether:generate/670":{"trigger":"minecraft:impossible"},
    "whether:generate/671":{"trigger":"minecraft:impossible"},
    "whether:generate/672":{"trigger":"minecraft:impossible"},
    "whether:generate/673":{"trigger":"minecraft:impossible"},
    "whether:generate/674":{"trigger":"minecraft:impossible"},
    "whether:generate/675":{"trigger":"minecraft:impossible"},
    "whether:generate/676":{"trigger":"minecraft:impossible"},
    "whether:generate/677":{"trigger":"minecraft:impossible"},
    "whether:generate/678":{"trigger":"minecraft:impossible"},
    "whether:generate/679":{"trigger":"minecraft:impossible"},
    "whether:generate/680":{"trigger":"minecraft:impossible"},
    "whether:generate/681":{"trigger":"minecraft:impossible"},
    "whether:generate/682":{"trigger":"minecraft:impossible"},
    "whether:generate/683":{"trigger":"minecraft:impossible"},
    "whether:generate/684":{"trigger":"minecraft:impossible"},
    "whether:generate/685":{"trigger":"minecraft:impossible"},
    "whether:generate/686":{"trigger":"minecraft:impossible"},
    "whether:generate/687":{"trigger":"minecraft:impossible"},
    "whether:generate/688":{"trigger":"minecraft:impossible"},
    "whether:generate/689":{"trigger":"minecraft:impossible"},
    "whether:generate/690":{"trigger":"minecraft:impossible"},
    "whether:generate/691":{"trigger":"minecraft:impossible"},
    "whether:generate/692":{"trigger":"minecraft:impossible"},
    "whether:generate/693":{"trigger":"minecraft:impossible"},
    "whether:generate/694":{"trigger":"minecraft:impossible"},
    "whether:generate/695":{"trigger":"minecraft:impossible"},
    "whether:generate/696":{"trigger":"minecraft:impossible"},
    "whether:generate/697":{"trigger":"minecraft:impossible"},
    "whether:generate/698":{"trigger":"minecraft:impossible"},
    "whether:generate/699":{"trigger":"minecraft:impossible"},
    "whether:generate/700":{"trigger":"minecraft:impossible"},
    "whether:generate/701":{"trigger":"minecraft:impossible"},
    "whether:generate/702":{"trigger":"minecraft:impossible"},
    "whether:generate/703":{"trigger":"minecraft:impossible"},
    "whether:generate/704":{"trigger":"minecraft:impossible"},
    "whether:generate/705":{"trigger":"minecraft:impossible"},
    "whether:generate/706":{"trigger":"minecraft:impossible"},
    "whether:generate/707":{"trigger":"minecraft:impossible"},
    "whether:generate/708":{"trigger":"minecraft:impossible"},
    "whether:generate/709":{"trigger":"minecraft:impossible"},
    "whether:generate/710":{"trigger":"minecraft:impossible"},
    "whether:generate/711":{"trigger":"minecraft:impossible"},
    "whether:generate/712":{"trigger":"minecraft:impossible"},
    "whether:generate/713":{"trigger":"minecraft:impossible"},
    "whether:generate/714":{"trigger":"minecraft:impossible"},
    "whether:generate/715":{"trigger":"minecraft:impossible"},
    "whether:generate/716":{"trigger":"minecraft:impossible"},
    "whether:generate/717":{"trigger":"minecraft:impossible"},
    "whether:generate/718":{"trigger":"minecraft:impossible"},
    "whether:generate/719":{"trigger":"minecraft:impossible"},
    "whether:generate/720":{"trigger":"minecraft:impossible"},
    "whether:generate/721":{"trigger":"minecraft:impossible"},
    "whether:generate/722":{"trigger":"minecraft:impossible"},
    "whether:generate/723":{"trigger":"minecraft:impossible"},
    "whether:generate/724":{"trigger":"minecraft:impossible"},
    "whether:generate/725":{"trigger":"minecraft:impossible"},
    "whether:generate/726":{"trigger":"minecraft:impossible"},
    "whether:generate/727":{"trigger":"minecraft:impossible"},
    "whether:generate/728":{"trigger":"minecraft:impossible"},
    "whether:generate/729":{"trigger":"minecraft:impossible"},
    "whether:generate/730":{"trigger":"minecraft:impossible"},
    "whether:generate/731":{"trigger":"minecraft:impossible"},
    "whether:generate/732":{"trigger":"minecraft:impossible"},
    "whether:generate/733":{"trigger":"minecraft:impossible"},
    "whether:generate/734":{"trigger":"minecraft:impossible"},
    "whether:generate/735":{"trigger":"minecraft:impossible"},
    "whether:generate/736":{"trigger":"minecraft:impossible"},
    "whether:generate/737":{"trigger":"minecraft:impossible"},
    "whether:generate/738":{"trigger":"minecraft:impossible"},
    "whether:generate/739":{"trigger":"minecraft:impossible"},
    "whether:generate/740":{"trigger":"minecraft:impossible"},
    "whether:generate/741":{"trigger":"minecraft:impossible"},
    "whether:generate/742":{"trigger":"minecraft:impossible"},
    "whether:generate/743":{"trigger":"minecraft:impossible"},
    "whether:generate/744":{"trigger":"minecraft:impossible"},
    "whether:generate/745":{"trigger":"minecraft:impossible"},
    "whether:generate/746":{"trigger":"minecraft:impossible"},
    "whether:generate/747":{"trigger":"minecraft:impossible"},
    "whether:generate/748":{"trigger":"minecraft:impossible"},
    "whether:generate/749":{"trigger":"minecraft:impossible"},
    "whether:generate/750":{"trigger":"minecraft:impossible"},
    "whether:generate/751":{"trigger":"minecraft:impossible"},
    "whether:generate/752":{"trigger":"minecraft:impossible"},
    "whether:generate/753":{"trigger":"minecraft:impossible"},
    "whether:generate/754":{"trigger":"minecraft:impossible"},
    "whether:generate/755":{"trigger":"minecraft:impossible"},
    "whether:generate/756":{"trigger":"minecraft:impossible"},
    "whether:generate/757":{"trigger":"minecraft:impossible"},
    "whether:generate/758":{"trigger":"minecraft:impossible"},
    "whether:generate/759":{"trigger":"minecraft:impossible"},
    "whether:generate/760":{"trigger":"minecraft:impossible"},
    "whether:generate/761":{"trigger":"minecraft:impossible"},
    "whether:generate/762":{"trigger":"minecraft:impossible"},
    "whether:generate/763":{"trigger":"minecraft:impossible"},
    "whether:generate/764":{"trigger":"minecraft:impossible"},
    "whether:generate/765":{"trigger":"minecraft:impossible"},
    "whether:generate/766":{"trigger":"minecraft:impossible"},
    "whether:generate/767":{"trigger":"minecraft:impossible"},
    "whether:generate/768":{"trigger":"minecraft:impossible"},
    "whether:generate/769":{"trigger":"minecraft:impossible"},
    "whether:generate/770":{"trigger":"minecraft:impossible"},
    "whether:generate/771":{"trigger":"minecraft:impossible"},
    "whether:generate/772":{"trigger":"minecraft:impossible"},
    "whether:generate/773":{"trigger":"minecraft:impossible"},
    "whether:generate/774":{"trigger":"minecraft:impossible"},
    "whether:generate/775":{"trigger":"minecraft:impossible"},
    "whether:generate/776":{"trigger":"minecraft:impossible"},
    "whether:generate/777":{"trigger":"minecraft:impossible"},
    "whether:generate/778":{"trigger":"minecraft:impossible"},
    "whether:generate/779":{"trigger":"minecraft:impossible"},
    "whether:generate/780":{"trigger":"minecraft:impossible"},
    "whether:generate/781":{"trigger":"minecraft:impossible"},
    "whether:generate/782":{"trigger":"minecraft:impossible"},
    "whether:generate/783":{"trigger":"minecraft:impossible"},
    "whether:generate/784":{"trigger":"minecraft:impossible"},
    "whether:generate/785":{"trigger":"minecraft:impossible"},
    "whether:generate/786":{"trigger":"minecraft:impossible"},
    "whether:generate/787":{"trigger":"minecraft:impossible"},
    "whether:generate/788":{"trigger":"minecraft:impossible"},
    "whether:generate/789":{"trigger":"minecraft:impossible"},
    "whether:generate/790":{"trigger":"minecraft:impossible"},
    "whether:generate/791":{"trigger":"minecraft:impossible"},
    "whether:generate/792":{"trigger":"minecraft:impossible"},
    "whether:generate/793":{"trigger":"minecraft:impossible"},
    "whether:generate/794":{"trigger":"minecraft:impossible"},
    "whether:generate/795":{"trigger":"minecraft:impossible"},
    "whether:generate/796":{"trigger":"minecraft:impossible"},
    "whether:generate/797":{"trigger":"minecraft:impossible"},
    "whether:generate/798":{"trigger":"minecraft:impossible"},
    "whether:generate/799":{"trigger":"minecraft:impossible"},
    "whether:generate/800":{"trigger":"minecraft:impossible"},
    "whether:generate/801":{"trigger":"minecraft:impossible"},
    "whether:generate/802":{"trigger":"minecraft:impossible"},
    "whether:generate/803":{"trigger":"minecraft:impossible"},
    "whether:generate/804":{"trigger":"minecraft:impossible"},
    "whether:generate/805":{"trigger":"minecraft:impossible"},
    "whether:generate/806":{"trigger":"minecraft:impossible"},
    "whether:generate/807":{"trigger":"minecraft:impossible"},
    "whether:generate/808":{"trigger":"minecraft:impossible"},
    "whether:generate/809":{"trigger":"minecraft:impossible"},
    "whether:generate/810":{"trigger":"minecraft:impossible"},
    "whether:generate/811":{"trigger":"minecraft:impossible"},
    "whether:generate/812":{"trigger":"minecraft:impossible"},
    "whether:generate/813":{"trigger":"minecraft:impossible"},
    "whether:generate/814":{"trigger":"minecraft:impossible"},
    "whether:generate/815":{"trigger":"minecraft:impossible"},
    "whether:generate/816":{"trigger":"minecraft:impossible"},
    "whether:generate/817":{"trigger":"minecraft:impossible"},
    "whether:generate/818":{"trigger":"minecraft:impossible"},
    "whether:generate/819":{"trigger":"minecraft:impossible"},
    "whether:generate/820":{"trigger":"minecraft:impossible"},
    "whether:generate/821":{"trigger":"minecraft:impossible"},
    "whether:generate/822":{"trigger":"minecraft:impossible"},
    "whether:generate/823":{"trigger":"minecraft:impossible"},
    "whether:generate/824":{"trigger":"minecraft:impossible"},
    "whether:generate/825":{"trigger":"minecraft:impossible"},
    "whether:generate/826":{"trigger":"minecraft:impossible"},
    "whether:generate/827":{"trigger":"minecraft:impossible"},
    "whether:generate/828":{"trigger":"minecraft:impossible"},
    "whether:generate/829":{"trigger":"minecraft:impossible"},
    "whether:generate/830":{"trigger":"minecraft:impossible"},
    "whether:generate/831":{"trigger":"minecraft:impossible"},
    "whether:generate/832":{"trigger":"minecraft:impossible"},
    "whether:generate/833":{"trigger":"minecraft:impossible"},
    "whether:generate/834":{"trigger":"minecraft:impossible"},
    "whether:generate/835":{"trigger":"minecraft:impossible"},
    "whether:generate/836":{"trigger":"minecraft:impossible"},
    "whether:generate/837":{"trigger":"minecraft:impossible"},
    "whether:generate/838":{"trigger":"minecraft:impossible"},
    "whether:generate/839":{"trigger":"minecraft:impossible"},
    "whether:generate/840":{"trigger":"minecraft:impossible"},
    "whether:generate/841":{"trigger":"minecraft:impossible"},
    "whether:generate/842":{"trigger":"minecraft:impossible"},
    "whether:generate/843":{"trigger":"minecraft:impossible"},
    "whether:generate/844":{"trigger":"minecraft:impossible"},
    "whether:generate/845":{"trigger":"minecraft:impossible"},
    "whether:generate/846":{"trigger":"minecraft:impossible"},
    "whether:generate/847":{"trigger":"minecraft:impossible"},
    "whether:generate/848":{"trigger":"minecraft:impossible"},
    "whether:generate/849":{"trigger":"minecraft:impossible"},
    "whether:generate/850":{"trigger":"minecraft:impossible"},
    "whether:generate/851":{"trigger":"minecraft:impossible"},
    "whether:generate/852":{"trigger":"minecraft:impossible"},
    "whether:generate/853":{"trigger":"minecraft:impossible"},
    "whether:generate/854":{"trigger":"minecraft:impossible"},
    "whether:generate/855":{"trigger":"minecraft:impossible"},
    "whether:generate/856":{"trigger":"minecraft:impossible"},
    "whether:generate/857":{"trigger":"minecraft:impossible"},
    "whether:generate/858":{"trigger":"minecraft:impossible"},
    "whether:generate/859":{"trigger":"minecraft:impossible"},
    "whether:generate/860":{"trigger":"minecraft:impossible"},
    "whether:generate/861":{"trigger":"minecraft:impossible"},
    "whether:generate/862":{"trigger":"minecraft:impossible"},
    "whether:generate/863":{"trigger":"minecraft:impossible"},
    "whether:generate/864":{"trigger":"minecraft:impossible"},
    "whether:generate/865":{"trigger":"minecraft:impossible"},
    "whether:generate/866":{"trigger":"minecraft:impossible"},
    "whether:generate/867":{"trigger":"minecraft:impossible"},
    "whether:generate/868":{"trigger":"minecraft:impossible"},
    "whether:generate/869":{"trigger":"minecraft:impossible"},
    "whether:generate/870":{"trigger":"minecraft:impossible"},
    "whether:generate/871":{"trigger":"minecraft:impossible"},
    "whether:generate/872":{"trigger":"minecraft:impossible"},
    "whether:generate/873":{"trigger":"minecraft:impossible"},
    "whether:generate/874":{"trigger":"minecraft:impossible"},
    "whether:generate/875":{"trigger":"minecraft:impossible"},
    "whether:generate/876":{"trigger":"minecraft:impossible"},
    "whether:generate/877":{"trigger":"minecraft:impossible"},
    "whether:generate/878":{"trigger":"minecraft:impossible"},
    "whether:generate/879":{"trigger":"minecraft:impossible"},
    "whether:generate/880":{"trigger":"minecraft:impossible"},
    "whether:generate/881":{"trigger":"minecraft:impossible"},
    "whether:generate/882":{"trigger":"minecraft:impossible"},
    "whether:generate/883":{"trigger":"minecraft:impossible"},
    "whether:generate/884":{"trigger":"minecraft:impossible"},
    "whether:generate/885":{"trigger":"minecraft:impossible"},
    "whether:generate/886":{"trigger":"minecraft:impossible"},
    "whether:generate/887":{"trigger":"minecraft:impossible"},
    "whether:generate/888":{"trigger":"minecraft:impossible"},
    "whether:generate/889":{"trigger":"minecraft:impossible"},
    "whether:generate/890":{"trigger":"minecraft:impossible"},
    "whether:generate/891":{"trigger":"minecraft:impossible"},
    "whether:generate/892":{"trigger":"minecraft:impossible"},
    "whether:generate/893":{"trigger":"minecraft:impossible"},
    "whether:generate/894":{"trigger":"minecraft:impossible"},
    "whether:generate/895":{"trigger":"minecraft:impossible"},
    "whether:generate/896":{"trigger":"minecraft:impossible"},
    "whether:generate/897":{"trigger":"minecraft:impossible"},
    "whether:generate/898":{"trigger":"minecraft:impossible"},
    "whether:generate/899":{"trigger":"minecraft:impossible"},
    "whether:generate/900":{"trigger":"minecraft:impossible"},
    "whether:generate/901":{"trigger":"minecraft:impossible"},
    "whether:generate/902":{"trigger":"minecraft:impossible"},
    "whether:generate/903":{"trigger":"minecraft:impossible"},
    "whether:generate/904":{"trigger":"minecraft:impossible"},
    "whether:generate/905":{"trigger":"minecraft:impossible"},
    "whether:generate/906":{"trigger":"minecraft:impossible"},
    "whether:generate/907":{"trigger":"minecraft:impossible"},
    "whether:generate/908":{"trigger":"minecraft:impossible"},
    "whether:generate/909":{"trigger":"minecraft:impossible"},
    "whether:generate/910":{"trigger":"minecraft:impossible"},
    "whether:generate/911":{"trigger":"minecraft:impossible"},
    "whether:generate/912":{"trigger":"minecraft:impossible"},
    "whether:generate/913":{"trigger":"minecraft:impossible"},
    "whether:generate/914":{"trigger":"minecraft:impossible"},
    "whether:generate/915":{"trigger":"minecraft:impossible"},
    "whether:generate/916":{"trigger":"minecraft:impossible"},
    "whether:generate/917":{"trigger":"minecraft:impossible"},
    "whether:generate/918":{"trigger":"minecraft:impossible"},
    "whether:generate/919":{"trigger":"minecraft:impossible"},
    "whether:generate/920":{"trigger":"minecraft:impossible"},
    "whether:generate/921":{"trigger":"minecraft:impossible"},
    "whether:generate/922":{"trigger":"minecraft:impossible"},
    "whether:generate/923":{"trigger":"minecraft:impossible"},
    "whether:generate/924":{"trigger":"minecraft:impossible"},
    "whether:generate/925":{"trigger":"minecraft:impossible"},
    "whether:generate/926":{"trigger":"minecraft:impossible"},
    "whether:generate/927":{"trigger":"minecraft:impossible"},
    "whether:generate/928":{"trigger":"minecraft:impossible"},
    "whether:generate/929":{"trigger":"minecraft:impossible"},
    "whether:generate/930":{"trigger":"minecraft:impossible"},
    "whether:generate/931":{"trigger":"minecraft:impossible"},
    "whether:generate/932":{"trigger":"minecraft:impossible"},
    "whether:generate/933":{"trigger":"minecraft:impossible"},
    "whether:generate/934":{"trigger":"minecraft:impossible"},
    "whether:generate/935":{"trigger":"minecraft:impossible"},
    "whether:generate/936":{"trigger":"minecraft:impossible"},
    "whether:generate/937":{"trigger":"minecraft:impossible"},
    "whether:generate/938":{"trigger":"minecraft:impossible"},
    "whether:generate/939":{"trigger":"minecraft:impossible"},
    "whether:generate/940":{"trigger":"minecraft:impossible"},
    "whether:generate/941":{"trigger":"minecraft:impossible"},
    "whether:generate/942":{"trigger":"minecraft:impossible"},
    "whether:generate/943":{"trigger":"minecraft:impossible"},
    "whether:generate/944":{"trigger":"minecraft:impossible"},
    "whether:generate/945":{"trigger":"minecraft:impossible"},
    "whether:generate/946":{"trigger":"minecraft:impossible"},
    "whether:generate/947":{"trigger":"minecraft:impossible"},
    "whether:generate/948":{"trigger":"minecraft:impossible"},
    "whether:generate/949":{"trigger":"minecraft:impossible"},
    "whether:generate/950":{"trigger":"minecraft:impossible"},
    "whether:generate/951":{"trigger":"minecraft:impossible"},
    "whether:generate/952":{"trigger":"minecraft:impossible"},
    "whether:generate/953":{"trigger":"minecraft:impossible"},
    "whether:generate/954":{"trigger":"minecraft:impossible"},
    "whether:generate/955":{"trigger":"minecraft:impossible"},
    "whether:generate/956":{"trigger":"minecraft:impossible"},
    "whether:generate/957":{"trigger":"minecraft:impossible"},
    "whether:generate/958":{"trigger":"minecraft:impossible"},
    "whether:generate/959":{"trigger":"minecraft:impossible"},
    "whether:generate/960":{"trigger":"minecraft:impossible"},
    "whether:generate/961":{"trigger":"minecraft:impossible"},
    "whether:generate/962":{"trigger":"minecraft:impossible"},
    "whether:generate/963":{"trigger":"minecraft:impossible"},
    "whether:generate/964":{"trigger":"minecraft:impossible"},
    "whether:generate/965":{"trigger":"minecraft:impossible"},
    "whether:generate/966":{"trigger":"minecraft:impossible"},
    "whether:generate/967":{"trigger":"minecraft:impossible"},
    "whether:generate/968":{"trigger":"minecraft:impossible"},
    "whether:generate/969":{"trigger":"minecraft:impossible"},
    "whether:generate/970":{"trigger":"minecraft:impossible"},
    "whether:generate/971":{"trigger":"minecraft:impossible"},
    "whether:generate/972":{"trigger":"minecraft:impossible"},
    "whether:generate/973":{"trigger":"minecraft:impossible"},
    "whether:generate/974":{"trigger":"minecraft:impossible"},
    "whether:generate/975":{"trigger":"minecraft:impossible"},
    "whether:generate/976":{"trigger":"minecraft:impossible"},
    "whether:generate/977":{"trigger":"minecraft:impossible"},
    "whether:generate/978":{"trigger":"minecraft:impossible"},
    "whether:generate/979":{"trigger":"minecraft:impossible"},
    "whether:generate/980":{"trigger":"minecraft:impossible"},
    "whether:generate/981":{"trigger":"minecraft:impossible"},
    "whether:generate/982":{"trigger":"minecraft:impossible"},
    "whether:generate/983":{"trigger":"minecraft:impossible"},
    "whether:generate/984":{"trigger":"minecraft:impossible"},
    "whether:generate/985":{"trigger":"minecraft:impossible"},
    "whether:generate/986":{"trigger":"minecraft:impossible"},
    "whether:generate/987":{"trigger":"minecraft:impossible"},
    "whether:generate/988":{"trigger":"minecraft:impossible"},
    "whether:generate/989":{"trigger":"minecraft:impossible"},
    "whether:generate/990":{"trigger":"minecraft:impossible"},
    "whether:generate/991":{"trigger":"minecraft:impossible"},
    "whether:generate/992":{"trigger":"minecraft:impossible"},
    "whether:generate/993":{"trigger":"minecraft:impossible"},
    "whether:generate/994":{"trigger":"minecraft:impossible"},
    "whether:generate/995":{"trigger":"minecraft:impossible"},
    "whether:generate/996":{"trigger":"minecraft:impossible"},
    "whether:generate/997":{"trigger":"minecraft:impossible"},
    "whether:generate/998":{"trigger":"minecraft:impossible"},
    "whether:generate/999":{"trigger":"minecraft:impossible"},
    "whether:generate/1000":{"trigger":"minecraft:impossible"}
  }
}