{
  "display": {
    "icon": {
      "item": "netherite_boots",
      "nbt": "{CustomModelData:1}"
    },
    "title": "How's the Whether Up There?",
    "description": "Obtain Whetherite Boots",
    "show_toast": true,
    "announce_to_chat": true,
    "hidden": false
  },
  "parent": "whether:get_scythe",
  "criteria":{
	  "requirement": {
		  "trigger": "minecraft:inventory_changed",
		  "conditions": {
			"items": [
			  {
				"item": "minecraft:netherite_boots",
				"nbt": "{CustomModelData:1}"
			  }
			]
		  }
		}
	}
}