{
  "display": {
    "icon": {
      "item": "golden_hoe",
      "nbt": "{CustomModelData:1}"
    },
    "title": "You're All Banished!",
    "description": "Obtain a Whether Scythe",
    "show_toast": true,
    "announce_to_chat": true,
    "hidden": false
  },
  "parent": "whether:elytra",
  "criteria":{
	  "requirement": {
		  "trigger": "minecraft:inventory_changed",
		  "conditions": {
			"items": [
			  {
				"item": "minecraft:golden_hoe",
				"nbt": "{CustomModelData:1}"
			  }
			]
		  }
		}
	}
}