{
  "display": {
    "icon": {
      "item": "carrot_on_a_stick",
      "nbt": "{CustomModelData:30}"	  
    },
    "title": "A Glowing Review",
    "description": "Detect 100 entities with the Wetherite Orb",
    "frame": "challenge",
    "show_toast": true,
    "announce_to_chat": true,
    "hidden": false
  },
  "parent": "whether:get_boots",
	"criteria": {
        "whether:orb/1":{"trigger":"minecraft:impossible"},
		"whether:orb/2":{"trigger":"minecraft:impossible"},
		"whether:orb/3":{"trigger":"minecraft:impossible"},
		"whether:orb/4":{"trigger":"minecraft:impossible"},
		"whether:orb/5":{"trigger":"minecraft:impossible"},
		"whether:orb/6":{"trigger":"minecraft:impossible"},
		"whether:orb/7":{"trigger":"minecraft:impossible"},
		"whether:orb/8":{"trigger":"minecraft:impossible"},
		"whether:orb/9":{"trigger":"minecraft:impossible"},
		"whether:orb/10":{"trigger":"minecraft:impossible"},
		"whether:orb/11":{"trigger":"minecraft:impossible"},
		"whether:orb/12":{"trigger":"minecraft:impossible"},
		"whether:orb/13":{"trigger":"minecraft:impossible"},
		"whether:orb/14":{"trigger":"minecraft:impossible"},
		"whether:orb/15":{"trigger":"minecraft:impossible"},
		"whether:orb/16":{"trigger":"minecraft:impossible"},
		"whether:orb/17":{"trigger":"minecraft:impossible"},
		"whether:orb/18":{"trigger":"minecraft:impossible"},
		"whether:orb/19":{"trigger":"minecraft:impossible"},
		"whether:orb/20":{"trigger":"minecraft:impossible"},
		"whether:orb/21":{"trigger":"minecraft:impossible"},
		"whether:orb/22":{"trigger":"minecraft:impossible"},
		"whether:orb/23":{"trigger":"minecraft:impossible"},
		"whether:orb/24":{"trigger":"minecraft:impossible"},
		"whether:orb/25":{"trigger":"minecraft:impossible"},
		"whether:orb/26":{"trigger":"minecraft:impossible"},
		"whether:orb/27":{"trigger":"minecraft:impossible"},
		"whether:orb/28":{"trigger":"minecraft:impossible"},
		"whether:orb/29":{"trigger":"minecraft:impossible"},
		"whether:orb/30":{"trigger":"minecraft:impossible"},
		"whether:orb/31":{"trigger":"minecraft:impossible"},
		"whether:orb/32":{"trigger":"minecraft:impossible"},
		"whether:orb/33":{"trigger":"minecraft:impossible"},
		"whether:orb/34":{"trigger":"minecraft:impossible"},
		"whether:orb/35":{"trigger":"minecraft:impossible"},
		"whether:orb/36":{"trigger":"minecraft:impossible"},
		"whether:orb/37":{"trigger":"minecraft:impossible"},
		"whether:orb/38":{"trigger":"minecraft:impossible"},
		"whether:orb/39":{"trigger":"minecraft:impossible"},
		"whether:orb/40":{"trigger":"minecraft:impossible"},
		"whether:orb/41":{"trigger":"minecraft:impossible"},
		"whether:orb/42":{"trigger":"minecraft:impossible"},
		"whether:orb/43":{"trigger":"minecraft:impossible"},
		"whether:orb/44":{"trigger":"minecraft:impossible"},
		"whether:orb/45":{"trigger":"minecraft:impossible"},
		"whether:orb/46":{"trigger":"minecraft:impossible"},
		"whether:orb/47":{"trigger":"minecraft:impossible"},
		"whether:orb/48":{"trigger":"minecraft:impossible"},
		"whether:orb/49":{"trigger":"minecraft:impossible"},
		"whether:orb/50":{"trigger":"minecraft:impossible"},
		"whether:orb/51":{"trigger":"minecraft:impossible"},
		"whether:orb/52":{"trigger":"minecraft:impossible"},
		"whether:orb/53":{"trigger":"minecraft:impossible"},
		"whether:orb/54":{"trigger":"minecraft:impossible"},
		"whether:orb/55":{"trigger":"minecraft:impossible"},
		"whether:orb/56":{"trigger":"minecraft:impossible"},
		"whether:orb/57":{"trigger":"minecraft:impossible"},
		"whether:orb/58":{"trigger":"minecraft:impossible"},
		"whether:orb/59":{"trigger":"minecraft:impossible"},
		"whether:orb/60":{"trigger":"minecraft:impossible"},
		"whether:orb/61":{"trigger":"minecraft:impossible"},
		"whether:orb/62":{"trigger":"minecraft:impossible"},
		"whether:orb/63":{"trigger":"minecraft:impossible"},
		"whether:orb/64":{"trigger":"minecraft:impossible"},
		"whether:orb/65":{"trigger":"minecraft:impossible"},
		"whether:orb/66":{"trigger":"minecraft:impossible"},
		"whether:orb/67":{"trigger":"minecraft:impossible"},
		"whether:orb/68":{"trigger":"minecraft:impossible"},
		"whether:orb/69":{"trigger":"minecraft:impossible"},
		"whether:orb/70":{"trigger":"minecraft:impossible"},
		"whether:orb/71":{"trigger":"minecraft:impossible"},
		"whether:orb/72":{"trigger":"minecraft:impossible"},
		"whether:orb/73":{"trigger":"minecraft:impossible"},
		"whether:orb/74":{"trigger":"minecraft:impossible"},
		"whether:orb/75":{"trigger":"minecraft:impossible"},
		"whether:orb/76":{"trigger":"minecraft:impossible"},
		"whether:orb/77":{"trigger":"minecraft:impossible"},
		"whether:orb/78":{"trigger":"minecraft:impossible"},
		"whether:orb/79":{"trigger":"minecraft:impossible"},
		"whether:orb/80":{"trigger":"minecraft:impossible"},
		"whether:orb/81":{"trigger":"minecraft:impossible"},
		"whether:orb/82":{"trigger":"minecraft:impossible"},
		"whether:orb/83":{"trigger":"minecraft:impossible"},
		"whether:orb/84":{"trigger":"minecraft:impossible"},
		"whether:orb/85":{"trigger":"minecraft:impossible"},
		"whether:orb/86":{"trigger":"minecraft:impossible"},
		"whether:orb/87":{"trigger":"minecraft:impossible"},
		"whether:orb/88":{"trigger":"minecraft:impossible"},
		"whether:orb/89":{"trigger":"minecraft:impossible"},
		"whether:orb/90":{"trigger":"minecraft:impossible"},
		"whether:orb/91":{"trigger":"minecraft:impossible"},
		"whether:orb/92":{"trigger":"minecraft:impossible"},
		"whether:orb/93":{"trigger":"minecraft:impossible"},
		"whether:orb/94":{"trigger":"minecraft:impossible"},
		"whether:orb/95":{"trigger":"minecraft:impossible"},
		"whether:orb/96":{"trigger":"minecraft:impossible"},
		"whether:orb/97":{"trigger":"minecraft:impossible"},
		"whether:orb/98":{"trigger":"minecraft:impossible"},
		"whether:orb/99":{"trigger":"minecraft:impossible"},
		"whether:orb/100":{"trigger":"minecraft:impossible"}
	},
	"requirements": [
		["whether:orb/1"],
		["whether:orb/2"],
		["whether:orb/3"],
		["whether:orb/4"],
		["whether:orb/5"],
		["whether:orb/6"],
		["whether:orb/7"],
		["whether:orb/8"],
		["whether:orb/9"],
		["whether:orb/10"],
		["whether:orb/11"],
		["whether:orb/12"],
		["whether:orb/13"],
		["whether:orb/14"],
		["whether:orb/15"],
		["whether:orb/16"],
		["whether:orb/17"],
		["whether:orb/18"],
		["whether:orb/19"],
		["whether:orb/20"],
		["whether:orb/21"],
		["whether:orb/22"],
		["whether:orb/23"],
		["whether:orb/24"],
		["whether:orb/25"],
		["whether:orb/26"],
		["whether:orb/27"],
		["whether:orb/28"],
		["whether:orb/29"],
		["whether:orb/30"],
		["whether:orb/31"],
		["whether:orb/32"],
		["whether:orb/33"],
		["whether:orb/34"],
		["whether:orb/35"],
		["whether:orb/36"],
		["whether:orb/37"],
		["whether:orb/38"],
		["whether:orb/39"],
		["whether:orb/40"],
		["whether:orb/41"],
		["whether:orb/42"],
		["whether:orb/43"],
		["whether:orb/44"],
		["whether:orb/45"],
		["whether:orb/46"],
		["whether:orb/47"],
		["whether:orb/48"],
		["whether:orb/49"],
		["whether:orb/50"],
		["whether:orb/51"],
		["whether:orb/52"],
		["whether:orb/53"],
		["whether:orb/54"],
		["whether:orb/55"],
		["whether:orb/56"],
		["whether:orb/57"],
		["whether:orb/58"],
		["whether:orb/59"],
		["whether:orb/60"],
		["whether:orb/61"],
		["whether:orb/62"],
		["whether:orb/63"],
		["whether:orb/64"],
		["whether:orb/65"],
		["whether:orb/66"],
		["whether:orb/67"],
		["whether:orb/68"],
		["whether:orb/69"],
		["whether:orb/70"],
		["whether:orb/71"],
		["whether:orb/72"],
		["whether:orb/73"],
		["whether:orb/74"],
		["whether:orb/75"],
		["whether:orb/76"],
		["whether:orb/77"],
		["whether:orb/78"],
		["whether:orb/79"],
		["whether:orb/80"],
		["whether:orb/81"],
		["whether:orb/82"],
		["whether:orb/83"],
		["whether:orb/84"],
		["whether:orb/85"],
		["whether:orb/86"],
		["whether:orb/87"],
		["whether:orb/88"],
		["whether:orb/89"],
		["whether:orb/90"],
		["whether:orb/91"],
		["whether:orb/92"],
		["whether:orb/93"],
		["whether:orb/94"],
		["whether:orb/95"],
		["whether:orb/96"],
		["whether:orb/97"],
		["whether:orb/98"],
		["whether:orb/99"],
		["whether:orb/100"]
	]
}