{
  "display": {
    "icon": {
      "item": "potion",
      "nbt": "{CustomModelData:36}"
    },
    "title": "High Spirits",
    "description": "Fill a glass bottle to the brim with Whether Souls",
    "show_toast": true,
    "announce_to_chat": true,
    "hidden": false,
	"frame":"challenge"
  },
  "parent": "whether:root",
  "criteria":{
	  "44": { "trigger": "minecraft:inventory_changed", "conditions": { "items": [ { "item": "minecraft:potion", "nbt": "{CustomModelData:44}" } ] } }
	}
}