{
  "display": {
    "icon": {
      "item": "minecraft:blackstone"
    },
    "title": "Whether",
    "description": "Enter the Nether Depths",
    "background": "minecraft:textures/gui/advancements/backgrounds/blackstone.png",
    "show_toast": false,
    "announce_to_chat": false,
    "hidden": false
  },
  "criteria": {
		"example": {
			"trigger": "minecraft:location",
			"conditions": {
				"dimension":"minecraft:the_nether",
				"position":{
					"y":{
						"min":128,
						"max":256
					}
				}
			}
		}
	}
}