{
  "display": {
    "icon": {
      "item": "polar_bear_spawn_egg",
      "nbt": "{CustomModelData:1}"
    },
    "title": "Apprentice Magician",
    "description": "Collect a magic scroll from Whether ruins",
    "show_toast": true,
    "announce_to_chat": true,
    "hidden": false
  },
  "parent": "whether:root",
  "criteria":{
	  "requirement": {
		  "trigger": "minecraft:inventory_changed",
		  "conditions": {
			"items": [
			  {
				"item": "minecraft:polar_bear_spawn_egg"
			  }
			]
		  }
		}
	}
}