{
  "parent": "whether:orb",
  "display": {
    "icon": {
      "item": "minecraft:compass",
      "nbt": "{CustomModelData:1}"
    },
    "title": "Vanishing Act",
    "description": "Create a waypoint with a Whether Eye",
    "frame": "goal",
    "show_toast": true,
    "announce_to_chat": true,
    "hidden": false
  },
  "criteria": {
    "requirement": {
      "trigger": "minecraft:item_used_on_block",
      "conditions": {
        "location": {
          "block": {
            "block": "minecraft:lodestone"
          }
        },
        "item": {
          "item": "minecraft:compass",
			"nbt": "{CustomModelData:1}"
        }
      }
    }
  }
}