{
  "display": {
    "icon": {
      "item": "shulker_shell",
      "nbt": "{CustomModelData:7}"
    },
    "title": "Boxed In",
    "description": "Collect all Whether Shulker Shell variants",
    "show_toast": true,
    "announce_to_chat": true,
    "hidden": false
  },
  "parent": "whether:root",
  "criteria": {
    "whether:shulker_shell_8": {
      "trigger": "minecraft:inventory_changed",
      "conditions": {
        "items": [
          {
            "item": "minecraft:shulker_shell",
            "nbt": "{CustomModelData:8}"
          }
        ]
      }
    },
    "whether:shulker_shell_15": {
      "trigger": "minecraft:inventory_changed",
      "conditions": {
        "items": [
          {
            "item": "minecraft:shulker_shell",
            "nbt": "{CustomModelData:15}"
          }
        ]
      }
    },
    "whether:shulker_shell_7": {
      "trigger": "minecraft:inventory_changed",
      "conditions": {
        "items": [
          {
            "item": "minecraft:shulker_shell",
            "nbt": "{CustomModelData:7}"
          }
        ]
      }
    }
  },
  "requirements": [
    [
      "whether:shulker_shell_7"
    ],
    [
      "whether:shulker_shell_8"
    ],
    [
      "whether:shulker_shell_15"
    ]
  ]
}