{ 
  "display": {
    "icon": {
      "item": "iron_horse_armor"
    },
    "title": "Shadowmere",
    "description": "Steal a skeleton horse in the Whether",
    "show_toast": true,
    "announce_to_chat": true,
    "hidden": false
  },
  "parent": "whether:root",
  "criteria": {
    "requirement": {
      "trigger": "minecraft:player_interacted_with_entity",
      "conditions": {
			"entity": {
          "type": "minecraft:skeleton_horse",
		  "location": {
		  "dimension":"minecraft:the_nether",
		  "position":{
			"y":{
				"min":128,
				"max":256
				}
			}
			}
        }
      }
    }
  }
}