{
  "display": {
    "icon": {
      "item": "minecraft:carrot_on_a_stick",
      "nbt": "{CustomModelData:1}"
    },
    "title": "Spellcaster",
    "description": "Obtain a Magic Staff",
    "show_toast": true,
    "announce_to_chat": true,
    "hidden": false
  },
  "parent": "whether:scroll",
  "criteria": {
    "whether:staff_1": {
      "trigger": "minecraft:inventory_changed",
      "conditions": {
        "items": [
          {
            "item": "minecraft:carrot_on_a_stick",
            "nbt": "{CustomModelData:1}"
          }
        ]
      }
    },
	"whether:staff_2": {
      "trigger": "minecraft:inventory_changed",
      "conditions": {
        "items": [
          {
            "item": "minecraft:carrot_on_a_stick",
            "nbt": "{CustomModelData:2}"
          }
        ]
      }
    },
	"whether:staff_3": {
      "trigger": "minecraft:inventory_changed",
      "conditions": {
        "items": [
          {
            "item": "minecraft:carrot_on_a_stick",
            "nbt": "{CustomModelData:3}"
          }
        ]
      }
    },
	"whether:staff_4": {
      "trigger": "minecraft:inventory_changed",
      "conditions": {
        "items": [
          {
            "item": "minecraft:carrot_on_a_stick",
            "nbt": "{CustomModelData:4}"
          }
        ]
      }
    },
	"whether:staff_5": {
      "trigger": "minecraft:inventory_changed",
      "conditions": {
        "items": [
          {
            "item": "minecraft:carrot_on_a_stick",
            "nbt": "{CustomModelData:5}"
          }
        ]
      }
    },
	"whether:staff_6": {
      "trigger": "minecraft:inventory_changed",
      "conditions": {
        "items": [
          {
            "item": "minecraft:carrot_on_a_stick",
            "nbt": "{CustomModelData:6}"
          }
        ]
      }
    },
	"whether:staff_7": {
      "trigger": "minecraft:inventory_changed",
      "conditions": {
        "items": [
          {
            "item": "minecraft:carrot_on_a_stick",
            "nbt": "{CustomModelData:7}"
          }
        ]
      }
    },
	"whether:staff_8": {
      "trigger": "minecraft:inventory_changed",
      "conditions": {
        "items": [
          {
            "item": "minecraft:carrot_on_a_stick",
            "nbt": "{CustomModelData:8}"
          }
        ]
      }
    },
	"whether:staff_9": {
      "trigger": "minecraft:inventory_changed",
      "conditions": {
        "items": [
          {
            "item": "minecraft:carrot_on_a_stick",
            "nbt": "{CustomModelData:9}"
          }
        ]
      }
    },
	"whether:staff_10": {
      "trigger": "minecraft:inventory_changed",
      "conditions": {
        "items": [
          {
            "item": "minecraft:carrot_on_a_stick",
            "nbt": "{CustomModelData:10}"
          }
        ]
      }
    },
	"whether:staff_11": {
      "trigger": "minecraft:inventory_changed",
      "conditions": {
        "items": [
          {
            "item": "minecraft:carrot_on_a_stick",
            "nbt": "{CustomModelData:11}"
          }
        ]
      }
    },
	"whether:staff_12": {
      "trigger": "minecraft:inventory_changed",
      "conditions": {
        "items": [
          {
            "item": "minecraft:carrot_on_a_stick",
            "nbt": "{CustomModelData:12}"
          }
        ]
      }
    },
	"whether:staff_13": {
      "trigger": "minecraft:inventory_changed",
      "conditions": {
        "items": [
          {
            "item": "minecraft:carrot_on_a_stick",
            "nbt": "{CustomModelData:13}"
          }
        ]
      }
    },
	"whether:staff_14": {
      "trigger": "minecraft:inventory_changed",
      "conditions": {
        "items": [
          {
            "item": "minecraft:carrot_on_a_stick",
            "nbt": "{CustomModelData:14}"
          }
        ]
      }
    },
	"whether:staff_15": {
      "trigger": "minecraft:inventory_changed",
      "conditions": {
        "items": [
          {
            "item": "minecraft:carrot_on_a_stick",
            "nbt": "{CustomModelData:15}"
          }
        ]
      }
    },
	"whether:staff_16": {
      "trigger": "minecraft:inventory_changed",
      "conditions": {
        "items": [
          {
            "item": "minecraft:carrot_on_a_stick",
            "nbt": "{CustomModelData:16}"
          }
        ]
      }
    },
	"whether:staff_17": {
      "trigger": "minecraft:inventory_changed",
      "conditions": {
        "items": [
          {
            "item": "minecraft:carrot_on_a_stick",
            "nbt": "{CustomModelData:17}"
          }
        ]
      }
    },
	"whether:staff_18": {
      "trigger": "minecraft:inventory_changed",
      "conditions": {
        "items": [
          {
            "item": "minecraft:carrot_on_a_stick",
            "nbt": "{CustomModelData:18}"
          }
        ]
      }
    },
	"whether:staff_19": {
      "trigger": "minecraft:inventory_changed",
      "conditions": {
        "items": [
          {
            "item": "minecraft:carrot_on_a_stick",
            "nbt": "{CustomModelData:19}"
          }
        ]
      }
    }
  },
  "requirements": [
	[ 
		"whether:staff_1" , 
		"whether:staff_2" , 
		"whether:staff_3" , 
		"whether:staff_4" , 
		"whether:staff_5" , 
		"whether:staff_6" , 
		"whether:staff_7" , 
		"whether:staff_8" , 
		"whether:staff_9" , 
		"whether:staff_10" , 
		"whether:staff_11" , 
		"whether:staff_12" , 
		"whether:staff_13" , 
		"whether:staff_14" , 
		"whether:staff_15" , 
		"whether:staff_16" , 
		"whether:staff_17" , 
		"whether:staff_18" , 
		"whether:staff_19" 
	]
  ]
}