{ "type": "minecraft:chest", "pools": [ { "rolls": 1, "entries": [ 
{ "type": "minecraft:item", "name": "minecraft:stick", "functions": [ { "function": "minecraft:set_nbt", "tag":"{ struct:[{name:\"whether:spire/tower/stair/180/a\"}] }" } ] }, 
{ "type": "minecraft:item", "name": "minecraft:stick", "functions": [ { "function": "minecraft:set_nbt", "tag":"{ struct:[{name:\"whether:spire/tower/stair/180/b\"}] }" } ] }, 
{ "type": "minecraft:item", "name": "minecraft:stick", "functions": [ { "function": "minecraft:set_nbt", "tag":"{ struct:[{name:\"whether:spire/tower/stair/180/c\"}] }" } ] }
 ] } ] }
