{ "type": "minecraft:chest", "pools": [ { "rolls": 1, "entries": [ 
	{ "type": "minecraft:item", "name": "minecraft:stick", "functions": [ { "function": "minecraft:set_nbt", "tag":"{ struct:[{name:\"whether:spire/tower/stair/90/a\"}] }" } ] }, 
	{ "type": "minecraft:item", "name": "minecraft:stick", "functions": [ { "function": "minecraft:set_nbt", "tag":"{ struct:[{name:\"whether:spire/tower/stair/90/b\"}] }" } ] }, 
	{ "type": "minecraft:item", "name": "minecraft:stick", "functions": [ { "function": "minecraft:set_nbt", "tag":"{ struct:[{name:\"whether:spire/tower/stair/90/c\"}] }" } ] }, 
	{ "type": "minecraft:item", "name": "minecraft:stick", "functions": [ { "function": "minecraft:set_nbt", "tag":"{ struct:[{name:\"whether:spire/tower/stair/90/d\"}] }" } ] }, 
	{ "type": "minecraft:item", "name": "minecraft:stick", "functions": [ { "function": "minecraft:set_nbt", "tag":"{ struct:[{name:\"whether:spire/tower/stair/90/e\"}] }" } ] }, 
	{ "type": "minecraft:item", "name": "minecraft:stick", "functions": [ { "function": "minecraft:set_nbt", "tag":"{ struct:[{name:\"whether:spire/tower/stair/90/f\"}] }" } ] }, 
	{ "type": "minecraft:item", "name": "minecraft:stick", "functions": [ { "function": "minecraft:set_nbt", "tag":"{ struct:[{name:\"whether:spire/tower/stair/90/g\"}] }" } ] }
] } ] }

