{ "type": "minecraft:chest", "pools": [ { "rolls": 1, "entries": [ 
{ "type": "minecraft:item", "name": "minecraft:stick", "functions": [ { "function": "minecraft:set_nbt", "tag":"{ struct:[{name:\"whether:spire/tower/stair/balc/a\"}] }" } ] }, 
{ "type": "minecraft:item", "name": "minecraft:stick", "functions": [ { "function": "minecraft:set_nbt", "tag":"{ struct:[{name:\"whether:spire/tower/stair/balc/b\"}] }" } ] }, 
{ "type": "minecraft:item", "name": "minecraft:stick", "functions": [ { "function": "minecraft:set_nbt", "tag":"{ struct:[{name:\"whether:spire/tower/stair/balc/c\"}] }" } ] }, 
{ "type": "minecraft:item", "name": "minecraft:stick", "functions": [ { "function": "minecraft:set_nbt", "tag":"{ struct:[{name:\"whether:spire/tower/stair/balc/d\"}] }" } ] }, 
{ "type": "minecraft:item", "name": "minecraft:stick", "functions": [ { "function": "minecraft:set_nbt", "tag":"{ struct:[{name:\"whether:spire/tower/stair/balc/e\"}] }" } ] }, 
{ "type": "minecraft:item", "name": "minecraft:stick", "functions": [ { "function": "minecraft:set_nbt", "tag":"{ struct:[{name:\"whether:spire/tower/stair/balc/f\"}] }" } ] }, 
{ "type": "minecraft:item", "name": "minecraft:stick", "functions": [ { "function": "minecraft:set_nbt", "tag":"{ struct:[{name:\"whether:spire/tower/stair/balc/g\"}] }" } ] }
] } ] }
