{ "type": "minecraft:chest", "pools": [ { "rolls": 1, "entries": [ 
{ "type": "minecraft:item", "name": "minecraft:stick", "functions": [ { "function": "minecraft:set_nbt", "tag":"{struct:[{name:\"whether:spire/tower/stair/90/270\"},{name:\"whether:spire/tower/stair/90/90\"},{name:\"whether:spire/tower/room/med/x\"}]}"} ] }, 
{ "type": "minecraft:item", "name": "minecraft:stick", "functions": [ { "function": "minecraft:set_nbt", "tag":"{struct:[{name:\"whether:spire/tower/stair/90/270_mirror\"},{name:\"whether:spire/tower/stair/90/90_mirror\"},{name:\"whether:spire/tower/room/med/x\"}]}"} ] }, 
{ "type": "minecraft:item", "name": "minecraft:stick", "functions": [ { "function": "minecraft:set_nbt", "tag":"{struct:[{name:\"whether:spire/tower/stair/180/270\"},{name:\"whether:spire/tower/stair/180/90\"},{name:\"whether:spire/tower/room/med/z\"}]}"} ] }
] } ] }