{
	"type": "minecraft:entity",
	"pools": [
		{
			"rolls": 1,
			"entries": [
				{
					"type": "minecraft:item",
					"name": "minecraft:shulker_shell",
					"functions": [
						{
							"function": "set_nbt",
							"tag": "{CustomModelData:7}",
							"conditions":[
								{
									"condition":"minecraft:entity_properties",
									"entity":"this",
									"predicate":
									{
										"nbt":"{Color:7b}"
									}
								}
							]
						},
						{
							"function": "set_nbt",
							"tag": "{CustomModelData:8}",
							"conditions":[
								{
									"condition":"minecraft:entity_properties",
									"entity":"this",
									"predicate":
									{
										"nbt":"{Color:8b}"
									}
								}
							]
						},
						{
							"function": "set_nbt",
							"tag": "{CustomModelData:15}",
							"conditions":[
								{
									"condition":"minecraft:entity_properties",
									"entity":"this",
									"predicate":
									{
										"nbt":"{Color:15b}"
									}
								}
							]
						}
					]
				}
			],
			"conditions": [
				{
					"condition": "minecraft:random_chance_with_looting",
					"chance": 0.5,
					"looting_multiplier": 0.0625
				}
			]
		}
	]
}