{ "type": "minecraft:chest", "pools": [ { "rolls": 1, "entries": [ 
{ "type": "minecraft:item", "name": "minecraft:stick", "functions": [ { "function": "minecraft:set_nbt", "tag":"{struct:[{name:\"\"},{name:\"whether:spire/tower/stair/90/90\"},{name:\"whether:spire/tower/room/lrg/e\"}]}"} ] }, 
{ "type": "minecraft:item", "name": "minecraft:stick", "functions": [ { "function": "minecraft:set_nbt", "tag":"{struct:[{name:\"\"},{name:\"whether:spire/tower/stair/90/90_mirror\"},{name:\"whether:spire/tower/room/lrg/w\"}]}"} ] }
] } ] }