{ "type": "minecraft:chest", "pools": [ { "rolls": 1, "entries": [ 
{ "type": "minecraft:item", "name": "minecraft:stick", "functions": [ { "function": "minecraft:set_nbt", "tag":"{struct:[{name:\"whether:spire/tower/stair/90/270\"},{name:\"\"},{name:\"whether:spire/tower/room/lrg/w\"}]}"} ] }, 
{ "type": "minecraft:item", "name": "minecraft:stick", "functions": [ { "function": "minecraft:set_nbt", "tag":"{struct:[{name:\"whether:spire/tower/stair/90/270_mirror\"},{name:\"\"},{name:\"whether:spire/tower/room/lrg/e\"}]}"} ] }
] } ] }