{ "type": "minecraft:chest", "pools": [ { "rolls": 1, "entries": [ 
{ "type": "minecraft:item", "name": "minecraft:stick", "functions": [ { "function": "minecraft:set_nbt", "tag":"{struct:[{name:\"whether:spire/tower/stair/90/0\"},{name:\"whether:spire/tower/stair/balc/180\"},{name:\"whether:spire/tower/room/lrg/n\"}]}"} ] }, 
{ "type": "minecraft:item", "name": "minecraft:stick", "functions": [ { "function": "minecraft:set_nbt", "tag":"{struct:[{name:\"whether:spire/tower/stair/90/0_mirror\"},{name:\"whether:spire/tower/stair/balc/180\"},{name:\"whether:spire/tower/room/lrg/s\"}]}"} ] }, 
{ "type": "minecraft:item", "name": "minecraft:stick", "functions": [ { "function": "minecraft:set_nbt", "tag":"{struct:[{name:\"whether:spire/tower/stair/balc/0\"},{name:\"whether:spire/tower/stair/90/180\"},{name:\"whether:spire/tower/room/lrg/s\"}]}"} ] }, 
{ "type": "minecraft:item", "name": "minecraft:stick", "functions": [ { "function": "minecraft:set_nbt", "tag":"{struct:[{name:\"whether:spire/tower/stair/balc/0\"},{name:\"whether:spire/tower/stair/90/180_mirror\"},{name:\"whether:spire/tower/room/lrg/n\"}]}"} ] }, 
{ "type": "minecraft:item", "name": "minecraft:stick", "functions": [ { "function": "minecraft:set_nbt", "tag":"{struct:[{name:\"whether:spire/tower/stair/180/0\"},{name:\"whether:spire/tower/stair/balc/180\"},{name:\"whether:spire/tower/room/lrg/w\"}]}"} ] }, 
{ "type": "minecraft:item", "name": "minecraft:stick", "functions": [ { "function": "minecraft:set_nbt", "tag":"{struct:[{name:\"whether:spire/tower/stair/balc/0\"},{name:\"whether:spire/tower/stair/180/180\"},{name:\"whether:spire/tower/room/lrg/e\"}]}"} ] }, 
{ "type": "minecraft:item", "name": "minecraft:stick", "functions": [ { "function": "minecraft:set_nbt", "tag":"{struct:[{name:\"whether:spire/tower/stair/90/0\"},{name:\"whether:spire/tower/stair/90/180\"},{name:\"whether:spire/tower/room/lrg/z\"}]}"} ] }, 
{ "type": "minecraft:item", "name": "minecraft:stick", "functions": [ { "function": "minecraft:set_nbt", "tag":"{struct:[{name:\"whether:spire/tower/stair/90/0_mirror\"},{name:\"whether:spire/tower/stair/90/180_mirror\"},{name:\"whether:spire/tower/room/lrg/z\"}]}"} ] }, 
{ "type": "minecraft:item", "name": "minecraft:stick", "functions": [ { "function": "minecraft:set_nbt", "tag":"{struct:[{name:\"whether:spire/tower/stair/180/0\"},{name:\"whether:spire/tower/stair/180/180\"},{name:\"whether:spire/tower/room/lrg/x\"}]}"} ] }
] } ] }