{
	"parent": "item/generated",
	"textures": {
		"layer0": "item/stick"
	},
	"overrides": [
		{"predicate": {"custom_model_data":1}, "model": "item/staff/blind"},
		{"predicate": {"custom_model_data":2}, "model": "item/staff/bolt"},
		{"predicate": {"custom_model_data":3}, "model": "item/staff/damage"},
		{"predicate": {"custom_model_data":4}, "model": "item/staff/dragonball"},
		{"predicate": {"custom_model_data":5}, "model": "item/staff/explosion"},
		{"predicate": {"custom_model_data":6}, "model": "item/staff/fang"},
		{"predicate": {"custom_model_data":7}, "model": "item/staff/fatigue"},
		{"predicate": {"custom_model_data":8}, "model": "item/staff/fire"},
		{"predicate": {"custom_model_data":9}, "model": "item/staff/glow"},
		{"predicate": {"custom_model_data":10}, "model": "item/staff/hunger"},
		{"predicate": {"custom_model_data":11}, "model": "item/staff/nausea"},
		{"predicate": {"custom_model_data":12}, "model": "item/staff/poison"},
		{"predicate": {"custom_model_data":13}, "model": "item/staff/redstone"},
		{"predicate": {"custom_model_data":14}, "model": "item/staff/levitate"},
		{"predicate": {"custom_model_data":15}, "model": "item/staff/slow"},
		{"predicate": {"custom_model_data":16}, "model": "item/staff/weak"},
		{"predicate": {"custom_model_data":17}, "model": "item/staff/wither"},
		{"predicate": {"custom_model_data":18}, "model": "item/staff/teleport"},
		{"predicate": {"custom_model_data":19}, "model": "item/staff/firework"},
		{"predicate": {"custom_model_data":20}, "model": "item/staff/freeze"},
		{"predicate": {"custom_model_data":21}, "model": "item/staff/clear"},
		{"predicate": {"custom_model_data":22}, "model": "item/staff/kill"},
		{"predicate": {"custom_model_data":23}, "model": "item/staff/turtle"}
	]
}