{
	"parent": "minecraft:item/template_spawn_egg",
	"overrides": [
		{"predicate": {"custom_model_data":1}, "model": "item/scroll/blind"},
		{"predicate": {"custom_model_data":2}, "model": "item/scroll/bolt"},
		{"predicate": {"custom_model_data":3}, "model": "item/scroll/damage"},
		{"predicate": {"custom_model_data":4}, "model": "item/scroll/dragonball"},
		{"predicate": {"custom_model_data":5}, "model": "item/scroll/explosion"},
		{"predicate": {"custom_model_data":6}, "model": "item/scroll/fang"},
		{"predicate": {"custom_model_data":7}, "model": "item/scroll/fatigue"},
		{"predicate": {"custom_model_data":8}, "model": "item/scroll/fire"},
		{"predicate": {"custom_model_data":9}, "model": "item/scroll/glow"},
		{"predicate": {"custom_model_data":10}, "model": "item/scroll/hunger"},
		{"predicate": {"custom_model_data":11}, "model": "item/scroll/nausea"},
		{"predicate": {"custom_model_data":12}, "model": "item/scroll/poison"},
		{"predicate": {"custom_model_data":13}, "model": "item/scroll/redstone"},
		{"predicate": {"custom_model_data":14}, "model": "item/scroll/levitate"},
		{"predicate": {"custom_model_data":15}, "model": "item/scroll/slow"},
		{"predicate": {"custom_model_data":16}, "model": "item/scroll/weak"},
		{"predicate": {"custom_model_data":17}, "model": "item/scroll/wither"},
		{"predicate": {"custom_model_data":18}, "model": "item/scroll/teleport"},
		{"predicate": {"custom_model_data":19}, "model": "item/scroll/firework"},
		{"predicate": {"custom_model_data":20}, "model": "item/scroll/freeze"},
		{"predicate": {"custom_model_data":21}, "model": "item/scroll/clear"},
		{"predicate": {"custom_model_data":22}, "model": "item/scroll/kill"}
	]
}