{
    "parent": "item/generated",
    "textures": {
        "layer0": "item/potion_overlay",
        "layer1": "item/potion"
    },
	"overrides": [
		{"predicate": {"custom_model_data":1}, "model": "item/cistern/0"},
		{"predicate": {"custom_model_data":2}, "model": "item/cistern/1"},
		{"predicate": {"custom_model_data":3}, "model": "item/cistern/2"},
		{"predicate": {"custom_model_data":4}, "model": "item/cistern/3"},
		{"predicate": {"custom_model_data":5}, "model": "item/cistern/4"},
		{"predicate": {"custom_model_data":6}, "model": "item/cistern/5"},
		{"predicate": {"custom_model_data":7}, "model": "item/cistern/6"},
		{"predicate": {"custom_model_data":8}, "model": "item/cistern/7"},
		{"predicate": {"custom_model_data":9}, "model": "item/cistern/8"},
		{"predicate": {"custom_model_data":10}, "model": "item/cistern/9"},
		{"predicate": {"custom_model_data":11}, "model": "item/cistern/10"},
		{"predicate": {"custom_model_data":12}, "model": "item/cistern/11"},
		{"predicate": {"custom_model_data":13}, "model": "item/cistern/12"},
		{"predicate": {"custom_model_data":14}, "model": "item/cistern/13"},
		{"predicate": {"custom_model_data":15}, "model": "item/cistern/14"},
		{"predicate": {"custom_model_data":16}, "model": "item/cistern/15"},
		{"predicate": {"custom_model_data":17}, "model": "item/cistern/16"},
		{"predicate": {"custom_model_data":18}, "model": "item/cistern/17"},
		{"predicate": {"custom_model_data":19}, "model": "item/cistern/18"},
		{"predicate": {"custom_model_data":20}, "model": "item/cistern/19"},
		{"predicate": {"custom_model_data":21}, "model": "item/cistern/20"},
		{"predicate": {"custom_model_data":22}, "model": "item/cistern/21"},
		{"predicate": {"custom_model_data":23}, "model": "item/cistern/22"},
		{"predicate": {"custom_model_data":24}, "model": "item/cistern/23"},
		{"predicate": {"custom_model_data":25}, "model": "item/cistern/24"},
		{"predicate": {"custom_model_data":26}, "model": "item/cistern/25"},
		{"predicate": {"custom_model_data":27}, "model": "item/cistern/26"},
		{"predicate": {"custom_model_data":28}, "model": "item/cistern/27"},
		{"predicate": {"custom_model_data":29}, "model": "item/cistern/28"},
		{"predicate": {"custom_model_data":390}, "model": "item/cistern/29"},
		{"predicate": {"custom_model_data":31}, "model": "item/cistern/30"},
		{"predicate": {"custom_model_data":32}, "model": "item/cistern/31"},
		{"predicate": {"custom_model_data":33}, "model": "item/cistern/32"},
		{"predicate": {"custom_model_data":34}, "model": "item/cistern/33"},
		{"predicate": {"custom_model_data":35}, "model": "item/cistern/34"},
		{"predicate": {"custom_model_data":36}, "model": "item/cistern/35"},
		{"predicate": {"custom_model_data":35}, "model": "item/cistern/36"},
		{"predicate": {"custom_model_data":35}, "model": "item/cistern/37"},
		{"predicate": {"custom_model_data":35}, "model": "item/cistern/38"},
		{"predicate": {"custom_model_data":35}, "model": "item/cistern/39"},
		{"predicate": {"custom_model_data":35}, "model": "item/cistern/40"},
		{"predicate": {"custom_model_data":35}, "model": "item/cistern/41"},
		{"predicate": {"custom_model_data":35}, "model": "item/cistern/42"},
		{"predicate": {"custom_model_data":35}, "model": "item/cistern/43"},
		{"predicate": {"custom_model_data":35}, "model": "item/cistern/44"}
	]
}
